time_step,charge_received_pv,charge_received_grid,charge_received_work,charge_received_public
10075,0,0,125.06596954293826,0
10080,0,0,107.14179621737225,0
10085,0,0,90.03752133392882,0
10090,0,0,73.61517918513809,0
10095,0,0,61.74859050732394,0
10100,0,0,50.31699545940451,0
10105,0,0,47.2719817957056,0
10110,0,0,41.40748246388199,0
10115,0,0,34.44300775273053,0
10120,0,0,30.290517202681905,0
10125,0,0,236.55333613220122,0
10130,0,0,303.8005197288946,0
10135,0,0,267.471715741089,0
10140,0,0,229.98395263535,0
10145,0,0,199.36560589427938,0
10150,0,0,166.10421584699512,0
10155,0,0,145.55804590145829,0
10160,0,0,125.06751910364963,0
10165,0,0,108.82093734962231,0
10170,0,0,91.35659359561457,0
10175,0,0.19999999999999998,79.70848621448911,0
10180,0,0.19999999999999998,70.17098805207252,4.166666666666666
10185,0,0.19999999999999998,74.86141635510506,4.166666666666666
10190,0,0.39999999999999997,69.79364904797248,3.2136654670076563
10195,0,0.39999999999999997,58.672355081194596,0
10200,0,0.39999999999999997,47.745964607544536,0
10205,0,0.39999999999999997,43.279707955861475,0
10210,0,0.39999999999999997,37.835357902600734,0
10215,0,0.6,33.098728093694476,0
10220,0,0.6,26.757703358244967,0
10225,0,0.6,23.261424044048635,0
10230,0,0.6,20.247285028558075,0
10235,0,1.2,16.925968526304285,0
10240,0,1.0890500922188402,16.305223487613407,0
10245,0,0.9999999999999999,32.00117628789272,0
10250,0,0.9999999999999999,34.49913232282556,0
10255,0,0.9999999999999999,30.305344798261828,0
10260,0,1.2,25.403627777625807,0
10265,0,1.2,21.635389950141644,0
10270,0,1.2,18.993455400992175,0
10275,0,1.2,18.375,0
10280,0,1.2,16.862380314527808,0
10285,0,1.2,15.170352102571174,0
10290,0,1.4,12.564864897425313,0
10295,0,1.5999999999999999,11.252403492140196,0
10300,0,1.5999999999999999,8.921213630649378,0
10305,0,1.7999999999999998,39.61033333333336,0
10310,0,1.9999999999999998,55.1137256087821,0
10315,0,2.1999999999999997,47.15497286559443,0
10320,0,2.4,40.4914525138923,0
10325,0,2.4,37.091298411697416,0
10330,0,2.4,30.543341874469924,0
10335,0,2.4,27.213887622813065,0
10340,0,2.8000000000000003,24.37526131363517,0
10345,0,2.5731603330588935,20.33241917257975,0
10350,0,2.4,17.995951945891406,3.552713678800501e-15
10355,0,2.2283108025239797,14.557119696741484,0
10360,0,2.8130558357708217,11.474536992743099,3.552713678800501e-15
10365,0,3.0000000000000004,57.5151964981847,0
10370,0,3.0000000000000004,68.68014599898093,0
10375,0,3.2000000000000006,60.05630737312973,0
10380,0,3.2000000000000006,52.8901437519512,0
10385,0,3.2000000000000006,46.98890065158589,0
10390,0,3.400000000000001,41.64867526764839,0
10395,0,3.5530552919873832,36.08435093481646,0
10400,0,3.325416543018849,30.540626319730553,1.4210854715202004e-14
10405,0,3.191094332839253,29.579771883724423,0
10410,0,2.656868601885774,28.126095367538227,0
10415,0,2.4,25.304272016006422,1.4210854715202004e-14
10420,0,2.7428321344794773,21.631254975335683,0
10425,0,2.8000000000000003,355.2329773337358,0
10430,0,2.6569925005612225,481.8356614554865,0
10435,0,2.4,424.6943717592605,2.1316282072803006e-14
10440,0,2.2336866691108663,354.22405607973195,0
10445,0,1.9806448277063873,294.9806348774864,3.552713678800501e-15
10450,0,1.8502228089864299,253.9266939167281,1.7763568394002505e-14
10455,0,1.9999999999999998,217.38780381005284,0
10460,0,2.4,189.66615986546807,0
10465,0,2.2338363851587553,165.86950378327256,0
10470,0,2.4,143.1652987975152,1.0658141036401503e-14
10475,0,2.6,125.68719932842272,0
10480,0,2.8000000000000003,103.50392831816119,0
10485,0,2.7831521777192227,1026.7654485496707,0
10490,0,2.608562967729755,1317.835550680627,1.0658141036401503e-14
10495,0,2.2571810764805944,1182.9003104508197,2.842170943040401e-14
10500,0,2.4813034262231946,1013.6211696274152,1.0658141036401503e-14
10505,0,2.4,876.0397529465126,0
10510,0,2.368486362736226,758.4862700249802,0
10515,0.00015882867288095816,2.193479990378042,662.2444257335037,0
10520,0,1.9999999999999998,568.1054317107156,0
10525,0,2.4,498.2664871833594,0
10530,0,1.952994167949526,435.9225568209392,0
10535,0,1.6897897218552915,381.0187883159556,2.842170943040401e-14
10540,0,1.4353110776410474,325.984342275059,0
10545,0,1.279669522680197,1705.020548840348,0
10550,0,1.1471601516615741,2142.6891049012393,2.4868995751603507e-14
10555,0,1.065270567880804,1901.3901235624928,1.7763568394002505e-14
10560,0.013423536050055276,0.792038154230654,1616.2368925440035,2.7600000000000673
10565,0.017614903098319604,0.9823850969016802,1366.6620550615705,0
10570,0,0.8593406225024204,1165.2597553285243,0
10575,0.05460916761947849,0.9453908323805214,1005.3664764253531,0
10580,0.042476266719521684,0.9575237332804781,873.1954012759475,0
10585,0.11625700228194197,0.8061221735780423,757.045688900161,0
10590,0,0.7999999999999999,663.8884814412339,1.4210854715202004e-14
10595,0.07798580951831077,0.7220141904816891,579.949160134658,0
10600,0,0.7999999999999999,501.94271239908664,0
10605,0.10426430498690471,0.6957356950130952,2265.29035998411,0
10610,0.07644001875082934,0.7547508335954809,2792.815240894413,0
10615,0.145255328126287,0.8547446718737128,2482.8472706282273,3.552713678800501e-15
10620,0.2904221046260879,0.6877965658447729,2141.036243265752,0
10625,0.1811931615440377,0.6188068384559622,1817.439183567263,0
10630,0.266069224168163,0.733930775831837,1560.6846131463865,0
10635,0.18242554867494193,0.817574451325058,1363.771445892107,0
10640,0.027996223605727358,0.9720037763942725,1207.4938925815354,0
10645,0.37792742826219483,0.6220725717378051,1050.8337002694652,0
10650,0.575550579897658,0.6244494201023418,911.9717112263145,0
10655,0.4538827027184166,0.7461172972815833,798.237969675734,0
10660,0.382773103684927,0.817226896315073,701.0988388503773,0
10665,0.5507898188045635,0.6492101811954364,809.2698953722987,0
10670,0.3894520031677179,0.8105479968322822,802.7538267381411,0
10675,0.7239409444410677,0.47605905555893213,700.1384682889419,0
10680,0.4742138405642896,0.7257861594357103,604.7992900917608,0
10685,0.5984804369505776,0.6015195630494222,532.3838972986557,0
10690,0.6644649688134008,0.5355350311865992,475.51884746029396,0
10695,0.2780996823096321,0.9219003176903677,416.6282586641917,0
10700,0.5277121977423647,0.6722878022576353,374.23497703651526,0
10705,0.570007038804204,0.6299929611957958,340.8789015490203,0
10710,0.5820613216703943,0.6179386783296056,310.1208646641213,0
10715,0.2131896323791045,0.9868103676208955,266.06407304222097,0
10720,0.5038513123592123,0.8961486876407876,238.54922711601975,0
10725,0.7337725432795243,0.6662274567204756,477.9027982531528,0
10730,0.8044366620182712,0.5955633379817286,542.271905977803,0
10735,0.3860073923479581,1.1852228869521146,477.3974676402369,0
10740,0.6385223492033028,0.9614776507966972,406.4974904169456,2.4868995751603507e-14
10745,0.7361194500376248,1.2141474033918593,354.2515148474108,0
10750,0.4433135346577623,1.3566864653422375,312.3961906079343,0
10755,0.410891214554423,1.3891087854455768,270.8573888037538,0
10760,0.5142629151180061,1.6857370848819937,241.14841920247488,0
10765,0.6971150006245097,1.50288499937549,212.17740559938613,0
10770,0.49157122803565734,1.7084287719643423,193.2852034692025,0
10775,0.5355677868929309,1.175996212365712,171.66427711990303,0
10780,0.24288815337293043,1.1571118466270696,152.96338202659214,1.0658141036401503e-14
10785,0.25314056323322387,1.3468594367667759,161.72309332654908,0
10790,0.2174145812295499,1.2778074279052947,164.0009388702525,0
10795,0.36462879673847215,1.2353712032615276,146.1290831748225,0
10800,0.06299056465722079,1.7651673324727961,76.58556186943952,0
10805,0.8058154978026494,1.1941845021973503,64.03754604882486,1.0658141036401503e-14
10810,0.8666325969603644,1.0141025310878753,56.29512128726897,0
10815,0.4060868964234669,1.3939131035765329,49.906839339774635,0
10820,0.660278489883778,1.3397215101162216,48.527740641107144,0
10825,0.42964606477344935,1.7703539352265505,46.84411932078812,0
10830,0.31100711996547803,1.7898717182715145,43.87654981899231,0
10835,0.24264464391395904,1.4113291411090032,40.638724035969005,0
10840,0.35886299193703,1.148099251236936,35.617549781758335,1.0658141036401503e-14
10845,0.25847884181305525,1.1415211581869447,683.7579021275965,0
10850,0.24280156195595415,0.9307731750950844,924.9442947477764,2.502881364204141
10855,0.0019206415459203721,0.6389107541802188,830.3420312457124,2.4868995751603507e-14
10860,0,0.6,705.6942370325131,5.329070518200751e-15
10865,0.026162460168550943,0.573837539831449,606.4415145356594,0
10870,0.19999999999999998,0.6,514.9578389094427,0
10875,0.035739890229870466,0.7642601097701294,446.9694649730661,0
10880,0.13577726774312932,0.6642227322568706,389.6718921516442,0
10885,0.11087070614264004,0.6787107577995245,342.6133949976879,0
10890,0.028174476995248984,0.7718255230047509,297.93942337153277,0
10895,0.19999999999999998,0.6,267.34391616290674,0
10900,0.12734566195809993,0.6726543380419,234.3100686051693,0
10905,0.04904435757220636,0.7509556424277936,1055.2487038202876,0
10910,0.010937416354674719,0.7923997892199941,1310.6513151885135,0
10915,0,0.7999999999999999,1164.8194862255652,7.105427357601002e-15
10920,0.18303602812340827,0.5254326772277633,1006.2431668235466,0
10925,0.05812231759142847,0.19999999999999998,870.504098652317,7.105427357601002e-15
10930,0,0.19999999999999998,757.2098841923315,5.329070518200751e-15
10935,0,0.19999999999999998,661.7549524525463,0
10940,0,0.19999999999999998,584.3898963034933,0
10945,0,0.19999999999999998,514.576600922441,0
10950,0,0.19999999999999998,452.7614261911829,0
10955,0,0.19999999999999998,401.3607872737638,0
10960,0,0.19999999999999998,351.67801275615244,0
10965,0,0.19999999999999998,469.6505375850247,0
10970,0,0.19999999999999998,463.81222785556423,0
10975,0,0.19999999999999998,414.5682925468207,0
10980,0,0.19999999999999998,363.4605919639544,0
10985,0,0.19999999999999998,313.6160262707994,0
10990,0,0.19999999999999998,273.68611814792877,0
10995,0,0.39999999999999997,244.44038434804222,0
11000,0,0.39999999999999997,220.95564145309115,0
11005,0,0.39999999999999997,195.02384437514465,0
11010,0,0.39999999999999997,171.12573195409016,0
11015,0,0.39999999999999997,155.86454001791165,0
11020,0,0.39999999999999997,138.02498437814015,0
11025,0,0.39999999999999997,122.08490145655034,0
11030,0,0.39999999999999997,108.23338643151061,0
11035,0,0.39999999999999997,95.11686544260381,0
11040,0,0.21328266962908057,37.449743445012,0
11045,0,0.19999999999999998,33.34128376225952,0
11050,0,0.39999999999999997,29.805602116478354,0
11055,0,0.39999999999999997,27.30804783798179,0
11060,0,0.39999999999999997,24.081292477454813,0
11065,0,0.39999999999999997,21.925,0
11070,0,0.39999999999999997,20.586336691699763,0
11075,0,0.39999999999999997,17.693857823362652,0
11080,0,0.39999999999999997,16.281829755090236,0
11085,0,0.39999999999999997,32.95489706924533,0
11090,0,0.39999999999999997,38.19071391102523,0
11095,0,0.39999999999999997,34.918258840478984,0
11100,0,0.39999999999999997,25.29627347774444,0
11105,0,0.39999999999999997,20.66573930479791,0
11110,0,0.39999999999999997,19.236217678209993,0
11115,0,0.39999999999999997,17.939825854388804,0
11120,0,0.39999999999999997,14.792541653421157,0
11125,0,0.39999999999999997,13.393000000000024,0
11130,0,0.39999999999999997,12.053249899462024,0
11135,0,0.31616560902405344,9.893170652237176,0
11140,0,0.19999999999999998,9.716666666666665,0
11145,0,0.19999999999999998,18.94166666666667,0
11150,0,0.19999999999999998,18.520140583218982,0
11155,0,0.19999999999999998,16.44148478277046,0
11160,0,0.39999999999999997,13.131433372131575,0
11165,0,0.31822187885905606,11.407049279510337,0
11170,0,0.19999999999999998,9.284333333333329,0
11175,0,0.07075334404624686,7.968783872662669,0
11180,0,0,6.000000000000001,1.7763568394002505e-14
11185,0,0,6.000000000000001,0
11190,0,0,6.000000000000001,0
11195,0,0,5.951999999999985,0
11200,0,0,5.4,0
11205,0,0,29.45833333333334,0
11210,0,0,32.56067971118607,0
11215,0,0,27.48342042958525,0
11220,0,0,20.65939738726609,0
11225,0,0,18.67448629413698,0
11230,0,0,16.677855675010534,0
11235,0,0,15.33333333333333,0
11240,0,0,14.241941537925635,0
11245,0,0,14.116666666666664,0
11250,0,0,13.809663312932097,0
11255,0,0,12.348984329485763,0
11260,0,0,11.641666666666664,0
11265,0,0,97.00024625364064,0
11270,0,0,115.25232650752241,0
11275,0,0,100.04807433142311,0
11280,0,0,87.4862340718922,0
11285,0,0,73.0049976250561,0
11290,0,0,63.72336901047346,0
11295,0,0,53.81041784315476,0
11300,0,0,45.07184516630765,0
11305,0,0,40.688071541120685,0
11310,0,0,34.0311650830672,0
11315,0,0,30.220554646726942,0
11320,0,0,27.27093716627479,0
11325,0,0,42.91171082817037,0
11330,0,0,49.34555035511201,0
11335,0,0,43.787365258542344,0
11340,0,0,41.09358118286132,0
11345,0,0,33.813586045431016,0
11350,0,0,31.502119112657507,0
11355,0,0,27.754524916293573,0
11360,0,0,25.568392080656572,0
11365,0,0,23.67650002671094,0
11370,0,0,22.254912001941427,0
11375,0,0,21.390876026288666,0
11380,0,0,19.485747472294577,0
11385,0,0,19.701600696705448,0
11390,0,0,18.48699890160353,0
11395,0,0,17.03688876856245,0
11400,0,0,6.181959938017957,0
11405,0,0,5.23433717635114,0
11410,0,0,2.8792160417495394,0
11415,0,0,2.298733986263022,0
11420,0,0,1.417919959496039,0
11425,0,0,1.2,0
11430,0,0.19999999999999998,1.2,0
11435,0,0.19999999999999998,1.2,0
11440,0,0.19999999999999998,1.2,0
11445,0,0.19999999999999998,21.899999999999995,0
11450,0,0.19999999999999998,31.174999999999997,0
11455,0,0.19999999999999998,30.063546584575544,0
11460,0,0.19999999999999998,26.123401437305493,0
11465,0,0.19999999999999998,19.83021281528105,0
11470,0,0.19999999999999998,14.88772784060383,0
11475,0,0.19999999999999998,11.449159067369564,0
11480,0,0.19999999999999998,9.659645174025734,0
11485,0,0.19999999999999998,8.744121333404824,0
11490,0,0.06523441214478473,7.303390134778507,0
11495,0,0,5.716666666666666,7.105427357601002e-15
11500,0,0,5.554870317332812,0
11505,0,0,23.075,0
11510,0,0,29.976349770906197,0
11515,0,0,26.742333333333338,0
11520,0,0,25.45995481905933,0
11525,0,0,24.82894343624333,0
11530,0,0,20.834267298421718,0
11535,0,0,17.294323357464418,0
11540,0,0,15.86101980675063,0
11545,0,0,14.71386847811416,0
11550,0,0,13.355513488187063,0
11555,0,0,12.61024093195515,0
11560,0,0,10.824741854774333,0
11565,0,0,212.41666666666657,0
11570,0,0,271.16924040619824,0
11575,0,0,243.54722914174812,0
11580,0,0,210.52993823325133,0
11585,0,0,181.27289256887804,0
11590,0,0,152.74780141929716,0
11595,0,0,135.99339592491467,0
11600,0,0,115.82817482152353,0
11605,0,0,101.6292345581497,0
11610,0,0,85.01118818485565,0
11615,0,0,74.69973826898328,0
11620,0,0,64.06131294410781,0
11625,0,0,57.343904054456644,0
11630,0,0,51.74698664483157,0
11635,0,0,42.703126644083895,0
11640,0,0,36.10782015259824,0
11645,0,0,30.034890895387367,0
11650,0,0,25.17257973694657,0
11655,0,0.19999999999999998,23.076562481271317,0
11660,0,0.39999999999999997,20.49269207874321,0
11665,0,0.39999999999999997,17.136602011040882,0
11670,0,0.39999999999999997,11.997692589441543,0
11675,0,0.39999999999999997,8.99171095511796,0
11680,0,0.39999999999999997,8.45,0
11685,0,0.39999999999999997,21.72454262020098,0
11690,0,0.6,28.071450637208144,0
11695,0,0.6,24.12139643173491,0
11700,0,0.6,21.6361921956014,0
11705,0,0.7999999999999999,18.982962070156034,0
11710,0,0.7999999999999999,13.862749867289379,0
11715,0,0.7999999999999999,12.008823168664893,0
11720,0,0.7999999999999999,10.21299999999996,0
11725,0,0.9999999999999999,9.888353134054157,0
11730,0,0.9999999999999999,8.336592697612675,0
11735,0,0.9999999999999999,6.674999999999999,0
11740,0,0.9999999999999999,6.280876951102331,0
11745,0,0.9999999999999999,23.940628650158438,0
11750,0,0.9999999999999999,28.93986783401488,0
11755,0,0.9999999999999999,25.144478083800735,0
11760,0,1.2,19.54587950229175,0
11765,0,1.2,18.043804763981427,0
11770,0,1.0432263612388555,13.989602306067766,0
11775,0,0.9999999999999999,10.646991581270305,0
11780,0,0.9999999999999999,8.676107375789448,0
11785,0,0.9999999999999999,7.410251598831506,0
11790,0,0.9999999999999999,6.569027776967892,0
11795,0,0.8283108025239796,3.3150623826633656,0
11800,0,0.7428321344794772,2.6536006253515296,3.552713678800501e-15
11805,0,0.6,124.10172188062987,0
11810,0,0.6,153.39694122558294,0
11815,0,0.6,129.3708406853948,0
11820,0,0.6,113.86032289176414,0
11825,0,0.6,102.6198280096791,0
11830,0,0.7524669590271829,89.37151905004804,0
11835,0,0.6,75.41201557651512,0
11840,0,0.6,66.8458810206369,0
11845,0,0.5170024955026404,59.02192776999889,0
11850,0,0.39999999999999997,53.967040074917996,0
11855,0,0.7999999999999999,45.05120738359901,0
11860,0,1.0890500922188402,38.06998056815273,0
11865,0,0.9999999999999999,388.1376657812529,0
11870,0,0.9999999999999999,492.24268497550736,0
11875,0,0.9999999999999999,438.50541903609144,0
11880,0,1.0336866691108664,378.41834211644857,0
11885,0,0.9999999999999999,319.65101077686785,3.552713678800501e-15
11890,0,0.9999999999999999,268.91049984445834,0
11895,0,0.9999999999999999,228.5553495717162,0
11900,0,0.9999999999999999,197.23232154862228,0
11905,0,0.8338363851587549,174.86546457028462,0
11910,0,0.930708640225443,152.20476277910862,1.0658141036401503e-14
11915,0,0.9999999999999999,132.75197200172704,7.105427357601002e-15
11920,0,1.213055835770821,114.44405415080669,0
11925,0,1.2,1028.7372599172552,0
11930,0,1.5999999999999999,1324.813808990488,0
11935,0,1.5999999999999999,1176.477332819481,0
11940,0,1.715628650158419,1000.7509926510074,0
11945,0,1.540994108259877,858.8434237486335,8.881784197001252e-15
11950,0,1.2213352548422842,744.1906486787174,0
11955,0,1.2,648.9212643890954,0
11960,0,1.2,563.0618042244703,0
11965,0,1.5999999999999999,493.4843720638424,0
11970,0,1.286614086058979,430.7439705566,0
11975,0,1.0897897218552917,370.47249953470833,3.197442310920451e-14
11980,0,0.8353110776410474,320.4811098855814,0
11985,0,0.9999999999999999,1681.4665288939702,0
11990,0,0.9999999999999999,2142.6684367530024,0
11995,0,0.9999999999999999,1902.405514465438,0
12000,0,1.2,1618.7546284885736,0
12005,0,1.4,1358.5502652480964,0
12010,0,1.2835794948845782,1159.9668047984492,0
12015,0,1.2,1003.5207259393393,0
12020,0,1.2,873.3651675933361,0
12025,0,1.4149241385451683,754.5142013886635,0
12030,0,1.2,660.6983424946759,1.4210854715202004e-14
12035,0,1.2,577.8579312726359,0
12040,0.02482748878989939,1.1751725112101004,489.4268520764738,0
12045,0,1.2,2267.455427658639,0
12050,0.061624759036647866,1.538375240963352,2794.764152672433,0
12055,0,1.5999999999999999,2500.9210925898064,0
12060,0.20189029683597592,1.3763283736348846,2152.280825917617,0
12065,0.07252871639927613,1.3274712836007236,1835.6389031052393,0
12070,0.047941564206372585,1.3520584357936272,1570.9224707507253,0
12075,0.1518958058921611,1.4481041941078387,1359.1935547867781,0
12080,0.3505694527757637,1.4494305472242361,1194.1132256693593,0
12085,0.2568883392345886,1.5431116607654112,1042.8936941090494,0
12090,0.44789470624187716,1.5521052937581226,910.4159623994376,0
12095,0.6039347159634962,1.3960652840365033,800.6688841572193,0
12100,0.49173671872171065,1.7082632812782892,701.2115475458108,0
12105,0.7240165860042239,1.0674014074487561,818.3073099347118,0
12110,0.7395098393761161,0.7410401623812808,789.94152170896,1.2434497875801753e-14
12115,0.425796065422,0.9742039345779998,696.1834749370488,0
12120,0.3986602772391641,1.1998191952672113,596.2162607477997,0
12125,0.555131936065209,0.9385367108983975,516.9521338614545,0
12130,0.44459126088496587,0.7554087391150339,460.4021155675418,0
12135,0.5638847817221013,0.6361152182778986,394.868821458069,0
12140,0.19999999999999998,0.9999999999999999,342.1720939348589,0
12145,0.5640236924171258,0.635976307582874,295.6277174733352,0
12150,0.37673431766201754,0.8232656823379824,257.9276522577505,0
12155,0.36369916363298,0.8363008363670199,223.12696122489774,0
12160,0.32900038429131373,0.8709996157086862,194.67030069814598,0
12165,0.3012337351350252,0.8987662648649746,440.0101749261247,0
12170,0.302012715180286,0.7717927871034597,505.61232547031506,0
12175,0.32185119195842093,0.6781488080415791,445.21358999603785,0
12180,0.5459140078881907,0.8540859921118091,372.64463560735857,0
12185,0.7265985516850708,0.8236683017444264,318.3227859710883,0
12190,0.41039630044173153,0.9896036995582683,274.72246331171704,0
12195,0.6942781212990873,0.7057218787009125,241.46670800065445,0
12200,0.6703980930664493,1.1296019069335506,216.26758033909505,0
12205,0.6421829600613551,1.1578170399386447,197.16809041451518,0
12210,0.5393607213864638,1.161518116850529,178.69375260790326,0
12215,0.31230501298219404,0.6275697888004287,157.67336859960878,0
12220,0.22922211830789396,0.370777881692106,139.2342343977576,1.4210854715202004e-14
12225,0.39999999999999997,0.39999999999999997,153.00563602499577,0
12230,0.3304211759172365,0.4695788240827634,151.94389646201714,0
12235,0.39999999999999997,0.6,134.7457040781723,0
12240,0.6,0.6,62.72984041883719,0
12245,0.5087685298768337,0.6912314701231661,52.180493857553245,0
12250,0.6,0.6,44.22569668623377,0
12255,0.6,0.6,39.831235120575016,0
12260,0.44357704427915756,0.7564229557208423,35.05076330571546,0
12265,0.20855739489299668,0.9150715779329,30.74480320927814,0
12270,0.2016481585264134,0.7983518414735865,26.90001004994301,0
12275,0.34806561908117445,0.4775973634178756,24.008958457514467,0
12280,0.27647653789078164,0.35504285988322715,19.940633301276275,7.105427357601002e-15
12285,0.19999999999999998,0.19999999999999998,722.0888347141373,0
12290,0.10804989307923808,0.4919501069207619,970.9270811175237,0
12295,0.19999999999999998,0.24253481597144885,865.4513507408765,0
12300,0.19999999999999998,0.34470219916810696,735.7203220675381,0
12305,0,0.39999999999999997,635.040368553098,0
12310,0,0.6,544.9118297663815,0
12315,0.1595597475735862,0.8404402524264136,474.91079072771697,0
12320,0.19999999999999998,0.7999999999999999,418.20627670076516,0
12325,0.18958146394216466,0.7999999999999999,366.59801171724393,0
12330,0.19999999999999998,0.7999999999999999,315.83046506201407,0
12335,0.11559996764163456,0.8844000323583653,281.1873278974267,0
12340,0.22521887814259464,0.9747811218574052,247.12412733707203,0
12345,0.2064116380523496,0.9790982948800562,1021.2983133341415,0
12350,0.19999999999999998,0.6033372055747328,1285.82165553706,3.552713678800501e-15
12355,0.1485485284337208,0.619717755210453,1144.1273318417032,7.105427357601002e-15
12360,0.02055315293796864,0.35649602287424764,983.4971944545804,0
12365,0.05812231759149952,0.0,838.6602152809163,7.105427357601002e-15
12370,0,0,717.8584364814852,5.329070518200751e-15
12375,0,0,620.6358189350616,0
12380,0,0,540.6996020690032,0
12385,0,0,474.4400484097784,0
12390,0,0,416.2165019633047,0
12395,0,0,368.7540830821746,0
12400,0,0,325.93859131115556,0
12405,0,0,415.4511750652915,0
12410,0,0,419.7471354237337,0
12415,0,0,369.8347454948296,0
12420,0,0,326.08414404096237,0
12425,0,0,283.1391296191821,0
12430,0,0,251.01242652751523,0
12435,0,0,222.91762897208346,0
12440,0,0,197.2515883278344,0
12445,0,0,175.71659508492598,0
12450,0,0,157.24511595167226,0
12455,0,0,137.00747577986428,0
12460,0,0,118.37417752898301,0
12465,0,0,110.39166849213676,0
12470,0,0,101.47044928400476,0
12475,0,0,93.40126227194513,0
12480,0,0,35.501061555657216,0
12485,0,0,32.94718870763938,0
12490,0,0,31.198271738607048,0
12495,0,0,27.803131406472293,0
12500,0,0,24.87678232835968,0
12505,0,0,24.233333333333245,0
12510,0,0,21.325234663340755,0
12515,0,0,18.13517692523615,0
12520,0,0,15.257129602617677,0
12525,0,0,25.86666666666667,0
12530,0,0,29.575815504927217,0
12535,0,0,25.90533064677584,0
12540,0,0,19.501678671430785,0
12545,0,0,17.582364452525216,0
12550,0,0,14.551915218185847,0
12555,0,0,13.272550100263572,0
12560,0,0,12.575560067869413,0
12565,0,0,11.583241109626984,0
12570,0,0,9.226937029489235,0
12575,0,0,7.157503985570529,0
12580,0,0,6.068617652474914,0
12585,0,0,16.7856642673486,0
12590,0,0,22.326816337694765,0
12595,0,0,19.47181391950036,0
12600,0,0,16.1459400974573,0
12605,0,0,15.06666666666667,0
12610,0,0,15.06666666666667,0
12615,0,0,13.114853120866053,0
12620,0,0,11.8031282398978,0
12625,0,0,11.4,0
12630,0,0,9.142017521983874,0
12635,0,0,7.991666666666665,0
12640,0,0,7.77953200816497,0
12645,0,0,23.942961223553024,0
12650,0,0,25.65937413018064,0
12655,0,0,22.485513857784934,0
12660,0,0,18.09166666666667,0
12665,0,0,16.80696505071296,0
12670,0,0,15.410112485076239,0
12675,0,0,14.148357824810585,0
12680,0,0,12.208333333333332,0
12685,0,0,10.996120755616985,0
12690,0,0,8.854912001941424,0
12695,0,0,8.327788028815755,0
12700,0,0,7.858333333333331,0
12705,0,0,61.30518883779398,0
12710,0,0,77.39070186992325,0
12715,0,0,68.61255155443357,0
12720,0,0,57.94299623652504,0
12725,0,0,47.34577848825246,0
12730,0,0,41.08725888293286,0
12735,0,0,37.27674032118662,0
12740,0,0,31.840434303788527,0
12745,0,0,28.955327973438564,0
12750,0,0,26.431346058561626,0
12755,0,0,21.100646526166013,0
12760,0,0,18.370106606941224,0
12765,0,0,21.14840840366899,0
12770,0,0,24.618513779588376,0
12775,0,0,22.10933553357316,0
12780,0,0,18.985601984238567,0
12785,0,0,18.347250279362715,0
12790,0,0,17.123428739041227,0
12795,0,0,13.360788041636287,0
12800,0,0,11.743126444394012,0
12805,0,0,10.034417460464825,0
12810,0,0,9.76300192150892,0
12815,0,0,9.334198352680179,0
12820,0,0,8.176018430662346,0
12825,0,0,9.331349991855284,0
12830,0,0,9.186666666666689,0
12835,0,0,8.562346623943197,0
12840,0,0,4.233333333333333,0
12845,0,0,3.762304912700775,0
12850,0,0,3.6500000000000004,0
12855,0,0,3.6500000000000004,0
12860,0,0,3.5666666666667104,0
12865,0,0,3.0333333333333337,0
12870,0,0,1.8532374497655357,0
12875,0,0,1.8166666666666669,0
12880,0,0,1.8166666666666669,0
12885,0,0,32.766666666666666,0
12890,0,0,41.86918133107471,0
12895,0,0,38.050555212246614,0
12900,0,0,33.37536021614996,0
12905,0,0,26.93731139241288,0
12910,0,0,21.162373961827612,0
12915,0,0,16.965681424595903,0
12920,0,0,14.02443864327474,0
12925,0,0.19999999999999998,12.034050675740437,0
12930,0,0.19999999999999998,9.861088757088925,0
12935,0,0.14489486092764678,7.074054728068676,0
12940,0,0,5.629333333333328,0
12945,0,0,25.659054633203112,0
12950,0,0,32.85968310423954,0
12955,0,0,30.23363890229921,0
12960,0,0,28.97433333333333,0
12965,0,0.19999999999999998,26.403285178646257,0
12970,0,0.19999999999999998,21.642066961413963,0
12975,0,0.19999999999999998,18.579999999999973,0
12980,0,0.19999999999999998,17.729666666666624,0
12985,0,0.19999999999999998,16.193550841463672,0
12990,0,0.19999999999999998,13.81977130480487,0
12995,0,0.19999999999999998,12.78524093195515,0
13000,0,0.19999999999999998,9.595602212236104,0
13005,0,0.19999999999999998,197.93396565186754,0
13010,0,0.19999999999999998,267.54844711895674,0
13015,0,0.19999999999999998,232.51549869020877,0
13020,0,0.19999999999999998,197.86537536442086,0
13025,0,0.19999999999999998,169.50995041870144,0
13030,0,0.19999999999999998,144.27229000790905,0
13035,0,0.19999999999999998,132.77368764009088,0
13040,0,0.39999999999999997,114.2826028963003,0
13045,0,0.39999999999999997,97.7989399390774,0
13050,0,0.39999999999999997,87.70447152838308,0
13055,0,0.39999999999999997,76.9366188918612,0
13060,0,0.39999999999999997,63.62449353064917,0
13065,0,0.39999999999999997,65.76402261906978,0
13070,0,0.39999999999999997,59.2506277904042,0
13075,0,0.6,49.35970465615734,0
13080,0,0.6,39.5346804364871,0
13085,0,0.44068436314844206,31.211032172585703,0
13090,0,0.39999999999999997,25.304810425050846,1.7763568394002505e-15
13095,0,0.39999999999999997,22.526352353209404,0
13100,0,0.39999999999999997,19.524241659704888,0
13105,0,0.39999999999999997,16.83702700902056,0
13110,0,0.39999999999999997,13.30595863666526,0
13115,0,0.39999999999999997,11.446196300670008,0
13120,0,0.39999999999999997,11.208333333333334,0
13125,0,0.39999999999999997,22.748961983491764,0
13130,0,0.39999999999999997,27.79689092868525,0
13135,0,0.39999999999999997,24.23314279286923,0
13140,0,0.39999999999999997,19.316930927457893,0
13145,0,0.39999999999999997,14.194883125642775,0
13150,0,0.39999999999999997,12.81737403604253,0
13155,0,0.39999999999999997,10.473718868152712,0
13160,0,0.39999999999999997,9.41721442537783,0
13165,0,0.39999999999999997,8.155019800720826,0
13170,0,0.39999999999999997,7.374999999999999,0
13175,0,0.39999999999999997,7.374999999999999,0
13180,0,0.39999999999999997,7.374999999999999,0
13185,0,0.39999999999999997,34.95397994826034,0
13190,0,0.39999999999999997,39.01242435236692,0
13195,0,0.6,36.92499999999989,0
13200,0,0.6,32.552602913766755,0
13205,0,0.6,29.30038170449285,0
13210,0,0.6,25.370795082437652,0
13215,0,0.6,24.15149580209791,0
13220,0,0.6,19.87838068220063,0
13225,0,0.5170024955026475,16.586242735297223,0
13230,0,0.39999999999999997,14.076468533567835,0
13235,0,0.39999999999999997,11.341837129946033,0
13240,0,0.6,9.830223487613404,0
13245,0,0.6,93.47235783853586,0
13250,0,0.6,119.07735375396342,0
13255,0,0.6,100.32011617786931,0
13260,0,0.6738138817297006,82.17089445858953,0
13265,0,0.6,67.68543325268753,0
13270,0,0.7999999999999999,57.4296388357055,0
13275,0,0.7999999999999999,45.659090198778074,0
13280,0,0.7999999999999999,38.32648161876297,0
13285,0,0.9999999999999999,32.91747292179647,0
13290,0,1.1185677454780427,30.017421711442537,0
13295,0,0.8283108025239796,29.012661963921776,7.105427357601002e-15
13300,0,0.9999999999999999,25.757260355915445,3.552713678800501e-15
13305,0,0.9999999999999999,376.1173777268089,0
13310,0,0.9999999999999999,470.32414096728075,0
13315,0,0.9999999999999999,419.3162124981336,0
13320,0,1.2,369.1076525579777,0
13325,0,1.2,316.3258595969555,0
13330,0,1.0966131806193886,273.62657976084284,0
13335,0,1.2,237.58311180143352,0
13340,0,1.2,209.23325364145816,0
13345,0,1.0338363851587549,178.13690915675406,0
13350,0,1.130708640225443,152.62517681707254,1.0658141036401503e-14
13355,0,1.4,128.87974620641575,7.105427357601002e-15
13360,0,1.613055835770821,114.86865140326957,0
13365,0,1.4192633114794722,1049.3682618203502,0
13370,0,1.4,1347.7586287880426,0
13375,0,1.2208363021470467,1194.7633662267779,0
13380,0,1.2,1012.2948413488899,0
13385,0,1.2,857.9762918572768,0
13390,0,1.2,732.5371870339329,0
13395,0,1.4,632.1060271826083,0
13400,0,1.4,555.0462925961573,0
13405,0,1.5223791758600518,487.5002428227019,0
13410,0,1.1583424118657073,422.7818721014865,1.4210854715202004e-14
13415,0,1.3448948609276448,364.35316012153964,2.4868995751603507e-14
13420,0,0.9551649730985852,315.3837538899444,0
13425,0,0.9999999999999999,1683.1457256624767,0
13430,0,1.2,2145.6360366953963,0
13435,0,1.2,1900.1838583895862,0
13440,0.011431934380146495,1.1050127055557888,1602.8977426267156,0
13445,0.004731488494579522,1.3952685115054202,1352.763427222716,0
13450,0,1.4,1137.4209672860109,0
13455,0,1.4,975.6565772346884,0
13460,0,1.4,836.0807292772635,0
13465,0,1.4925449626851164,724.5450143537408,0
13470,0,1.4911830803686636,637.9082398218006,0
13475,0,1.4,555.6156323890152,0
13480,0.07337164820833139,1.3266283517916684,473.3665134956635,1.145985915186177
13485,0.003792292472524522,1.3962077075274753,2225.027297417981,0
13490,0.2062604327307903,1.5937395672692096,2767.728889769472,0
13495,0.08614972040122561,1.913850279598774,2481.158070543966,0
13500,0.09330408072002266,1.8849145897508377,2150.7226102687496,0
13505,0,1.7999999999999998,1842.1794386152476,0
13510,0.0003489016329070935,1.7521180573942756,1578.6968537380992,0
13515,0.13325908945989887,1.5540185486419134,1377.6847303944344,0
13520,0.18216981173498165,1.6178301882650181,1209.8321635255331,0
13525,0.1583001114173242,1.529778674497875,1055.1764665488072,0
13530,0.3540205567567662,1.1742511174365053,913.1460217869093,0
13535,0.17789565014720335,1.2221043498527964,797.0687208194264,7.105427357601002e-15
13540,0.2183359187976467,1.781664081202353,695.6042903482023,0
13545,0.31368966473227905,1.277728328720765,810.3247750915721,0
13550,0.3401920585442314,1.0598079414557686,784.3796712182585,1.2434497875801753e-14
13555,0.2491615093167705,1.1508384906832294,691.6565652933034,0
13560,0.5078034117731636,0.8373760226883922,591.6467823662125,0
13565,0.3259120676122208,0.7677565793513857,508.89605637227953,7.105427357601002e-15
13570,0.09798926530829613,0.7020107346917037,457.7013094988124,0
13575,0.4373056587074541,0.36269434129254585,401.5952760011347,0
13580,0.3617235652482761,0.43827643475172384,349.57240977493495,0
13585,0.13865570150604123,0.6613442984939587,306.7304133367752,0
13590,0.5042780489108796,0.29572195108912036,268.5746028569113,0
13595,0.5264323140477676,0.2735676859522323,234.3370687916463,0
13600,0.20706058794773158,0.5929394120522683,203.17230207118058,2.0419866743523585
13605,0.5276426079107253,0.47235739208927463,445.86003562587814,0
13610,0.3843881262669497,0.6156118737330503,510.1476108138222,0
13615,0.37224697271511414,0.6277530272848858,447.57986192247915,0
13620,0.4236896333309237,0.7763103666690762,387.4862796724725,0
13625,0.3964159476984453,0.9538509057310378,335.96719965485875,0
13630,0.19999999999999998,0.9999999999999999,299.66854397008825,0
13635,0.18157428565441025,1.0184257143455897,272.70970286110247,0
13640,0.2783684688840243,1.3216315311159754,244.5609720622409,0
13645,0.32279753747259926,1.2772024625274006,216.050252225595,0
13650,0.33855034539296214,1.4614496546070377,198.6091651324959,0
13655,0.13585343561230356,1.137660260812329,181.52902061431334,0
13660,0.029943192315782036,0.8770190508581839,164.55067199934348,1.0658141036401503e-14
13665,0.19999999999999998,0.6,203.5964821237948,0
13670,0.06627918098321144,0.7337208190167884,200.55912630572146,0
13675,0,0.9999999999999999,185.1618892167158,0
13680,0.06072886627275384,1.339271133727246,103.12200470491999,0
13685,0.12003530534250059,1.2799646946574992,88.86330081474323,0
13690,0.11094714617902676,1.2890528538209731,78.1857155739879,0
13695,0.17213888263147284,1.2278611173685272,72.81571118092936,0
13700,0.14735590088338188,1.252644099116618,66.5840133060963,0
13705,0.08311963806607875,1.3102876051405414,58.434737116889515,0
13710,0.08736030018003645,1.0135185380569058,52.07773842723422,0
13715,0.2532164091087601,0.81314469624923,46.81623448435077,0
13720,0.08054232219981255,0.8440148324002301,38.661228318409435,3.552713678800501e-15
13725,0.19999999999999998,1.2,769.6878305303001,0
13730,0.04480048445894695,1.5551995155410527,1019.3513291726172,0
13735,0.011558331691656362,1.4309764842797923,908.2624040697949,0
13740,0.08788106160233392,1.4706201778521253,753.9378734577666,0
13745,0.19999999999999998,1.2,644.1854514500488,0
13750,0.008601344636710112,1.5913986553632897,547.9557472040392,2.13070864022545
13755,0.11170690129571498,1.8882930987042847,473.96805820698603,0
13760,0.12960554968168236,2.470394450318318,416.1453975434224,0
13765,0,2.5895814639421646,372.78208711788017,0
13770,0.19851989922374805,2.288332448501232,329.1883498466016,0
13775,0.06416028363534422,2.361502698863706,292.7031350857307,0
13780,0.09178814707449176,2.3082118529255085,260.08809707476235,7.105427357601002e-15
13785,0.11389482242642973,2.1590529329955372,1032.3708902527912,0
13790,0.11654896913960251,1.6912954302059062,1294.7339705176162,2.1316282072803006e-14
13795,0,1.5682662836441736,1146.6572195378865,7.105427357601002e-15
13800,0.39999999999999997,0.9770491758122162,992.728410150488,0
13805,0.0645591373742406,0.7272989925633819,851.8231487056362,7.105427357601002e-15
13810,0,0.4213352548422842,733.4489769089882,8.881784197001252e-15
13815,0,0.39999999999999997,630.6742384390449,0
13820,0,0.39999999999999997,550.505454417594,0
13825,0,0.39999999999999997,479.1351184001049,0
13830,0,0.39999999999999997,420.04433522522646,0
13835,0,0.39999999999999997,369.0667629824564,0
13840,0,0.39999999999999997,320.91681845409335,0
13845,0,0.39999999999999997,410.9692456770505,0
13850,0,0.39999999999999997,415.6274325093012,0
13855,0,0.39999999999999997,368.9951259558528,0
13860,0,0.39999999999999997,325.0261952740979,0
13865,0,0.39999999999999997,276.65258927668475,0
13870,0,0.39999999999999997,241.32899235916892,0
13875,0,0.39999999999999997,203.61040742923612,0
13880,0,0.39999999999999997,180.8204572156695,0
13885,0,0.39999999999999997,162.59731436243635,0
13890,0,0.39999999999999997,145.03525272018112,0
13895,0,0.39999999999999997,128.88003179647458,0
13900,0,0.39999999999999997,112.24432643317058,0
13905,0,0.39999999999999997,103.93144557383535,0
13910,0,0.39999999999999997,95.17917761165077,0
13915,0,0.39999999999999997,89.44319677131334,0
13920,0,0.39999999999999997,29.591413762307877,0
13925,0,0.39999999999999997,26.21422668053685,0
13930,0,0.39999999999999997,24.78837023045539,0
13935,0,0.3582453009924189,22.421443605076316,0
13940,0,0.19999999999999998,19.408333333333335,0
13945,0,0.19999999999999998,19.408333333333335,0
13950,0,0.19999999999999998,17.487099470029868,0
13955,0,0.19999999999999998,14.239154141898139,0
13960,0,0.19999999999999998,13.053519967568851,0
13965,0,0.19999999999999998,43.58048395868439,0
13970,0,0.19999999999999998,54.64663429919172,0
13975,0,0.19999999999999998,50.665392691958736,0
13980,0,0.19999999999999998,40.28476441046302,0
13985,0,0.19999999999999998,34.409307588806016,0
13990,0,0.08817634085232348,32.52893514325924,0
13995,0,0,27.314466675918972,0
14000,0,0,22.973473922364004,0
14005,0,0,21.05053472232865,0
14010,0,0,18.561623187195565,0
14015,0,0,15.512222617041289,0
14020,0,0,12.521831548045926,0
14025,0,0,20.197649043818164,0
14030,0,0,20.4272164797849,0
14035,0,0,18.71500585676148,0
14040,0,0,14.935796632283273,0
14045,0,0,11.239837096190497,0
14050,0,0,10.158733601283545,0
14055,0,0,8.910623426210076,0
14060,0,0,7.493196601983073,0
14065,0,0,6.170832726529451,0
14070,0,0,5.249721919400013,0
14075,0,0,4.625,0
14080,0,0,4.625,0
14085,0,0,24.41666666666668,0
14090,0,0,28.028269316743934,0
14095,0,0,25.97771672292934,0
14100,0,0,23.875343541162213,0
14105,0,0,21.291000000000015,0
14110,0,0,19.635007594771686,0
14115,0,0,16.601465543421206,0
14120,0,0,14.495003815804127,0
14125,0,0,12.328716231741213,0
14130,0,0,10.292749508265608,0
14135,0,0,7.66021762857927,0
14140,0,0,6.43973780571384,0
14145,0,0,61.70599632210308,0
14150,0,0,73.58106331379224,0
14155,0,0,61.42030614755528,0
14160,0,0,51.14481705746188,0
14165,0,0,42.32053678379692,0
14170,0,0,37.04465651005344,0
14175,0,0,29.55398251179517,0
14180,0,0,25.21922495377139,0
14185,0,0,24.16399999999999,0
14190,0,0,22.451717354341554,0
14195,0,0,17.616392239774058,0
14200,0,0,15.257158185896522,0
14205,0,0,24.78008627640856,0
14210,0,0,25.925900714983918,0
14215,0,0,20.1627482576438,0
14220,0,0,14.881720349142508,0
14225,0,0,13.841666666666667,0
14230,0,0,13.334791620041393,0
14235,0,0,9.798550100263551,0
14240,0,0,9.105666666666636,0
14245,0,0,6.929539493276405,0
14250,0,0,6.758333333333333,0
14255,0,0,6.6508650193468455,0
14260,0,0,5.42300000000011,0
14265,0,0,6.141666666666666,0
14270,0,0,6.116534500681537,0
14275,0,0,4.8131823377797955,0
14280,0,0,0.9166666666666666,0
14285,0,0,0.9166666666666666,0
14290,0,0.19999999999999998,0.9166666666666666,0
14295,0,0.19999999999999998,0.9166666666666666,0
14300,0,0.19999999999999998,0.9166666666666666,0
14305,0,0.39999999999999997,0.9166666666666666,0
14310,0,0.39999999999999997,0.9166666666666666,0
14315,0,0.344894860927645,0.9166666666666666,0
14320,0,0.39999999999999997,0.04249788502950058,0
14325,0,0.39999999999999997,24.33333333333334,0
14330,0,0.39999999999999997,29.216666666666672,0
14335,0,0.39999999999999997,27.75203171189952,0
14340,0,0.23368666911086652,25.606666666666673,0
14345,0,0.19999999999999998,21.99351885103062,3.552713678800501e-15
14350,0,0.19999999999999998,16.879554161347304,0
14355,0,0.19999999999999998,13.938931959684691,0
14360,0,0.19999999999999998,11.35404990583571,0
14365,0,0.17571250919330647,10.615729824826493,0
14370,0,0,9.58495689718308,1.0658141036401503e-14
14375,0,0,9.088007446922356,0
14380,0,0,6.5047174116700885,0
14385,0,0,36.33333333333335,0
14390,0,0,41.607190111914214,0
14395,0,0,39.539000000000016,0
14400,0,0,38.40095980257548,0
14405,0,0,36.174420349410575,0
14410,0,0,30.781540336907632,0
14415,0,0,24.860452062357073,0
14420,0,0,22.393990220898367,0
14425,0,0,19.626607806613148,0
14430,0,0,16.1100555627914,0
14435,0,0,15.113188574099752,0
14440,0,0,13.76637499142424,0
14445,0,0,207.7246832833615,0
14450,0,0,268.61656907827603,0
14455,0,0,239.52786436013676,0
14460,0,0,203.59754340487746,0
14465,0,0,174.0127045987028,0
14470,0,0,147.47470697683215,0
14475,0,0,130.97708323406715,0
14480,0,0,115.41084300306494,0
14485,0,0,102.22751349119297,0
14490,0,0,87.45981758882498,0
14495,0,0,76.00612134107787,0
14500,0,0,59.66960366163783,0
14505,0,0,62.954663773422816,0
14510,0,0,60.879958321134104,0
14515,0,0.19999999999999998,50.50280460021369,0
14520,0,0.19999999999999998,37.87098810600921,0
14525,0,0.19999999999999998,32.82852388823681,0
14530,0,0.19999999999999998,27.13464669833012,0
14535,0,0.19999999999999998,23.447353056230682,0
14540,0,0.19999999999999998,21.10148128552563,0
14545,0,0.19999999999999998,17.227016246038044,0
14550,0,0.19999999999999998,13.200242499660934,0
14555,0,0.19999999999999998,10.473749131674277,0
14560,0,0.19999999999999998,9.616699852138035,0
14565,0,0.19999999999999998,32.925,0
14570,0,0.19999999999999998,38.00767328737993,0
14575,0,0.19999999999999998,34.07514429314264,0
14580,0,0.19999999999999998,27.85991291666841,0
14585,0,0.19999999999999998,21.495181661654772,0
14590,0,0.19999999999999998,17.3213549271857,0
14595,0,0.19999999999999998,15.441665693617118,0
14600,0,0.19999999999999998,14.707503445513744,0
14605,0,0.19999999999999998,11.922795874944589,0
14610,0,0.19999999999999998,10.53018325108517,0
14615,0,0.19999999999999998,8.64316246876457,0
14620,0,0.19999999999999998,7.957619335093796,0
14625,0,0.19999999999999998,27.537797557578138,0
14630,0,0.19999999999999998,39.352409367671385,0
14635,0,0.19999999999999998,33.03027232587182,0
14640,0,0.19999999999999998,23.997301154736526,0
14645,0,0.19999999999999998,21.683333333333334,0
14650,0,0.19999999999999998,20.989844856700902,0
14655,0,0.19999999999999998,20.287047706750943,0
14660,0,0.19999999999999998,17.55988546656223,0
14665,0,0.19999999999999998,13.551956565005733,0
14670,0,0.19999999999999998,9.889140661443617,0
14675,0,0.19999999999999998,8.8,0
14680,0,0.39999999999999997,8.211031836243993,0
14685,0,0.39999999999999997,57.97072887478188,0
14690,0,0.39999999999999997,76.24464780469002,0
14695,0,0.39999999999999997,68.8736932286768,0
14700,0,0.39999999999999997,57.376128916080155,0
14705,0,0.6,46.524019962350025,0
14710,0,0.7999999999999999,38.92555968754247,0
14715,0,0.7999999999999999,35.20670873135163,0
14720,0,0.7999999999999999,29.791980222150148,0
14725,0,0.9170024955026497,24.130980662699272,0
14730,0,0.7185677454780428,20.713781878695283,0
14735,0,0.49570801316867463,16.820609685663456,7.105427357601002e-15
14740,0,0.4856642689589883,13.758333333333333,3.552713678800501e-15
14745,0,0.39999999999999997,341.0064159011075,0
14750,0,0.6,460.49776030144926,0
14755,0,0.6,411.1403702511393,0
14760,0,0.5164446399359353,353.72511472468886,0
14765,0,0.39999999999999997,301.3295414336169,0
14770,0,0.6,257.1291086540171,0
14775,0,0.7999999999999999,222.86784119570788,0
14780,0,0.7999999999999999,191.8109703374482,0
14785,0,0.633836385158755,167.5701253129636,0
14790,0,0.930708640225443,146.12088665702132,1.0658141036401503e-14
14795,0,1.0823312180480829,129.90029007704499,7.105427357601002e-15
14800,0,1.2,113.66078535573703,0
14805,0,1.4,1015.1741414298767,0
14810,0,1.4,1317.3539431609963,0
14815,0,1.2208363021470467,1161.4499414203879,0
14820,0,1.4,985.6331937657044,0
14825,0,1.4,836.1940857189595,0
14830,0,1.4,720.6939224051562,0
14835,0,1.4,625.8781231189566,0
14840,0,1.4,553.4761955136836,0
14845,0,1.5999999999999999,486.6944372133465,0
14850,0,1.1583424118657073,423.94113568379316,0
14855,0,1.1732056634516264,362.79921444563814,2.4868995751603507e-14
14860,0,1.3374170056307086,314.38787400578946,3.552713678800501e-15
14865,0,1.5999999999999999,1697.8704499273008,0
14870,0.01233515526128224,1.5876648447387176,2136.1883635231266,0
14875,0,1.7999999999999998,1898.9335123940068,0
14880,0.007531734946574752,1.6571121620396714,1625.575531851705,0
14885,0,1.6406843631485128,1384.7001724416518,3.552713678800501e-15
14890,0,1.5999999999999999,1174.7620896882613,1.7763568394002505e-15
14895,0,1.5999999999999999,1018.3988552142324,0
14900,0,1.7999999999999998,880.7576151520366,0
14905,0.04687099213537644,2.04567397054974,757.7914699772942,0
14910,0,1.8911830803686636,664.3248486869313,0
14915,0.027444728288639017,1.6293366855016505,581.0478474844097,0
14920,0.055594026145684795,1.544405973854315,500.36575386119836,0
14925,0.08838621828108305,1.5116137817189168,2262.2279497739205,0
14930,0.10943263419986432,1.6905673658001354,2787.648929791403,0
14935,0,1.7999999999999998,2512.2444546582506,0
14940,0.10795308829828155,1.670265582172579,2160.842136424338,0
14945,0,1.5999999999999999,1838.4899291478819,0
14950,0.10754023140149256,1.4449267276256903,1577.294694667447,0
14955,0.0826306925743436,1.7110081264765584,1360.4292916945126,0
14960,0.20341651725856225,1.5965834827414376,1182.3062407310415,0
14965,0.28463835611970373,1.5153616438802961,1033.8329615003859,0
14970,0.4402541521897509,1.3597458478102489,898.0205061155327,0
14975,0.2825642642364909,1.7174357357635088,778.3275871526054,0
14980,0.29801925632780585,1.9558004412418797,674.0071497840252,1.145985915186177
14985,0.20486404781131945,1.4058172571211969,782.735519102804,0
14990,0.16797468588432918,1.4320253141156707,750.8541816690828,1.2434497875801753e-14
14995,0.23313299458576753,1.3668670054142322,655.5554023383386,0
15000,0.002748773426830421,1.6690806800572022,562.9110003182898,0
15005,0.007723309209202781,1.4859453377544038,483.6521699131584,3.552713678800501e-15
15010,0.19999999999999998,0.8633628868762391,430.5549863683366,0
15015,0.02045589686734501,0.7795441031326549,376.42558473229786,0
15020,0.02325113681736039,0.7767488631826396,330.8558985639517,0
15025,0.21101233660834906,0.5889876633916509,289.1634187384879,0
15030,0.11949663522754471,0.6805033647724552,255.47123068266833,0
15035,0.38750975234629137,0.41249024765370856,223.2110355558,0
15040,0.019471378209720794,0.7805286217902792,196.9780410230359,0
15045,0,0.7538282620532379,437.6317181098416,0
15050,0.11143587770498782,0.4885641222950121,496.96450536833123,0
15055,0.0609349820005307,0.5390650179994693,433.8091205851306,0
15060,0.06923906465115168,0.7307609353488482,365.9688988511293,0
15065,0.4039494781417493,0.34631737528773393,314.6517080812254,0
15070,0,0.6,283.84413605347754,0
15075,0.004227959390374132,0.5957720406096259,254.8950499001553,0
15080,0.02247220174546957,0.5775277982545304,231.45008873200396,0
15085,0.20668975955503116,0.3867174836515891,206.79212211085044,0
15090,0.19999999999999998,0.19999999999999998,187.74573099773752,0
15095,0.028310802523979717,0.19999999999999998,166.71696092306772,0
15100,0,0.19999999999999998,146.68078992325553,3.552713678800501e-15
15105,0,0.19999999999999998,190.7547271148122,0
15110,0,0.19999999999999998,199.22635748353585,0
15115,0,0.6,182.00826572304499,0
15120,0.19999999999999998,0.6,109.04314929609788,0
15125,0.0637738571121001,1.1362261428878997,94.3995098166339,0
15130,0.07099413689438581,0.9712112472501101,79.83863804639775,0
15135,0.009095790763607815,0.990904209236392,70.37470035982308,0
15140,0.12471409599280855,1.0752859040071914,61.2496022251969,0
15145,0.02206026540221818,1.3779397345977817,52.9285954630261,0
15150,0.13550341123812826,1.2644965887618715,42.32495409419939,0
15155,0.27565276391843985,1.32434723608156,37.22223160121264,0
15160,0.00830556018492657,1.4232138375890353,33.99280571381533,2.0419866743523585
15165,0.19999999999999998,1.2,748.1767420623792,0
15170,0.07358384095864634,1.5264161590413534,991.0780105149263,0
15175,0,1.6425348159714486,883.2972777021736,0
15180,0.02423660542640871,1.6391336001597263,740.8881341896896,0
15185,0.1756651898280523,1.2243348101719476,635.6399911261333,0
15190,0.17664301865020654,1.4233569813497933,539.6342422494164,0
15195,0,1.9999999999999998,468.033933338756,0
15200,0,2.1999999999999997,409.9065544470673,0
15205,0.07374948000758069,2.1158319839345836,358.73575605639917,0
15210,0.023277946435968908,2.0635744012890114,316.5350352855099,0
15215,0.059347794306119896,2.019648521526184,284.29373950444074,0
15220,0.07760914505845477,1.7926685354131586,249.11327040910624,7.105427357601002e-15
15225,0,1.7999999999999998,1033.2595941427962,0
15230,0.19999999999999998,1.1411469435744828,1298.175718741085,0
15235,0.03715935562187547,1.1311069280222983,1143.478284780023,7.105427357601002e-15
15240,0.08409911015796956,0.8929500656542466,986.6971205435063,0
15245,0.009599225884882628,0.41355203996159906,844.8138854437028,7.105427357601002e-15
15250,0,0.021335254842284213,720.4128649137866,8.881784197001252e-15
15255,0,0,619.6466338649577,0
15260,0,0,538.3642129054987,0
15265,0,0,474.2988156224329,0
15270,0,0,415.86039321419247,0
15275,0,0,363.128869810932,0
15280,0,0,319.27171139208934,0
15285,0,0,400.71485443067365,0
15290,0,0.19999999999999998,403.8721838128327,0
15295,0,0.19999999999999998,355.22752208955455,0
15300,0,0.19999999999999998,308.89677483715207,0
15305,0,0.19999999999999998,259.01644681700265,0
15310,0,0.19999999999999998,232.52773049120952,0
15315,0,0.19999999999999998,199.2423748925617,0
15320,0,0.39999999999999997,176.4220088689864,0
15325,0,0.39999999999999997,157.52143681290195,0
15330,0,0.39999999999999997,139.4520591813524,0
15335,0,0.2927134669416884,118.18866297600492,0
15340,0,0.19999999999999998,103.78606659014045,3.552713678800501e-15
15345,0,0.19999999999999998,97.39879411954686,0
15350,0,0.19999999999999998,89.31339548280047,0
15355,0,0.19999999999999998,82.68953330402069,0
15360,0,0.19999999999999998,33.53587324735629,0
15365,0,0.19999999999999998,29.38425748174148,0
15370,0,0.19999999999999998,23.334744308016333,0
15375,0,0.19999999999999998,20.176336942666577,0
15380,0,0.19999999999999998,16.58799351684283,0
15385,0,0.19999999999999998,15.933333333333339,0
15390,0,0.19999999999999998,14.036903253761661,0
15395,0,0.19999999999999998,11.607394702596096,0
15400,0,0.19999999999999998,10.05387350467303,0
15405,0,0.19999999999999998,33.48333333333334,0
15410,0,0.19999999999999998,41.050469776240725,0
15415,0,0.19999999999999998,34.5955478873895,0
15420,0,0.19999999999999998,26.092079550992114,0
15425,0,0.19999999999999998,21.264968329936245,0
15430,0,0.19999999999999998,20.25482448564895,0
15435,0,0.19999999999999998,18.61993278996142,0
15440,0,0.19999999999999998,16.52536276165791,0
15445,0,0.19999999999999998,14.872333333333325,0
15450,0,0.39999999999999997,13.740265748631979,0
15455,0,0.39999999999999997,12.680322192450488,0
15460,0,0.39999999999999997,10.928027789917452,0
15465,0,0.39999999999999997,33.75833333333333,0
15470,0,0.39999999999999997,31.19978748053421,0
15475,0,0.39999999999999997,22.383413927765826,0
15480,0,0.39999999999999997,18.102934930168995,0
15485,0,0.39999999999999997,14.846084715344292,0
15490,0,0.39999999999999997,13.103313585831183,0
15495,0,0.39999999999999997,9.530742884566914,0
15500,0,0.39999999999999997,7.589501725763228,0
15505,0,0.39999999999999997,6.346416839225375,0
15510,0,0.39999999999999997,4.201811388354718,0
15515,0,0.39999999999999997,3.35,0
15520,0,0.39999999999999997,3.35,0
15525,0,0.39999999999999997,24.558333333333337,0
15530,0,0.39999999999999997,32.130259024770474,0
15535,0,0.39999999999999997,29.071870740517817,0
15540,0,0.39999999999999997,24.644849366719374,0
15545,0,0.39999999999999997,20.245723784535844,0
15550,0,0.39999999999999997,18.25491605204053,0
15555,0,0.39999999999999997,15.964158011702887,0
15560,0,0.39999999999999997,13.636461573231133,0
15565,0,0.39999999999999997,11.866077180773331,0
15570,0,0.3008788382369787,9.874772449903219,0
15575,0,0.19999999999999998,8.866666666666665,0
15580,0,0.19999999999999998,8.866666666666665,0
15585,0,0.07294775542196727,82.44987384075672,0
15590,0,0,110.88285940488132,2.1316282072803006e-14
15595,0,0,99.4336483620499,0
15600,0,0,85.95878112969108,0
15605,0,0,71.94317139959675,0
15610,0,0,60.574018826619735,0
15615,0,0,52.38610296982713,0
15620,0,0,43.53599864367526,0
15625,0,0,36.81528875699762,0
15630,0,0,30.739473206172317,0
15635,0,0,24.674869167821765,0
15640,0,0,19.678399114562342,0
15645,0,0,31.681915712839725,0
15650,0,0,35.19809408119591,0
15655,0,0,28.944429826944617,0
15660,0,0,24.165234864194368,0
15665,0,0,22.077675148760385,0
15670,0,0,21.016438526797028,0
15675,0,0,17.42525163743508,0
15680,0,0,14.86966666666665,0
15685,0,0,11.999847722921823,0
15690,0,0,10.15295998289666,0
15695,0,0,8.573091020340009,0
15700,0,0,6.156265709866624,0
15705,0,0,5.2146801409994445,0
15710,0,0,4.879191081363707,0
15715,0,0,3.868849525828497,0
15720,0,0,2.158333333333333,0
15725,0,0,2.158333333333333,0
15730,0,0,2.158333333333333,0
15735,0,0,2.158333333333333,0
15740,0,0,2.158333333333333,0
15745,0,0,2.158333333333333,0
15750,0,0,2.158333333333333,0
15755,0,0,2.158333333333333,0
15760,0,0,2.158333333333333,0
15765,0,0,28.583333333333336,0
15770,0,0.19999999999999998,32.456499285473,0
15775,0,0.19999999999999998,27.871616534361888,0
15780,0,0.19999999999999998,22.42591657257149,0
15785,0,0.19999999999999998,16.886955385853344,0
15790,0,0.19999999999999998,12.72972170246237,0
15795,0,0.19999999999999998,10.120028168709437,0
15800,0,0.19999999999999998,9.238535958080352,0
15805,0,0.19999999999999998,8.366238903895939,0
15810,0,0.12827167419327165,6.746745253168346,0
15815,0,0,5.974625516836589,7.105427357601002e-15
15820,0,0,3.0188339370573853,0
15825,0,0,27.39166666666667,0
15830,0,0,36.17948672498757,0
15835,0,0,33.370360291821555,0
15840,0,0,29.53145271724678,0
15845,0,0,25.606887789190914,0
15850,0,0,24.11362600670571,0
15855,0,0,19.925033425753362,0
15860,0,0,16.208424685109314,0
15865,0,0,14.357347985634322,0
15870,0,0,13.976048650770538,0
15875,0,0,12.71008117058651,0
15880,0,0,11.031545605498156,0
15885,0,0,220.21644055244548,0
15890,0,0,278.3483238757755,0
15895,0,0.19999999999999998,244.29249923745067,0
15900,0,0.19999999999999998,214.50529543656788,0
15905,0,0.19999999999999998,183.6611431525886,0
15910,0,0.19999999999999998,153.4098239852514,0
15915,0,0.19999999999999998,137.83846672319225,0
15920,0,0.39999999999999997,119.70965428201325,0
15925,0,0.6,101.81035307080371,0
15930,0,0.6,86.91075097402046,0
15935,0,0.6,76.56303132810986,0
15940,0,0.6,62.624708514041956,0
15945,0,0.6,63.06718225883662,0
15950,0,0.6,61.16707889256297,0
15955,0,0.6,52.09892898592305,0
15960,0,0.6,42.591596480681815,0
15965,0,0.6,34.73571261872502,0
15970,0,0.6,30.48237403604253,0
15975,0,0.6,26.874969699729576,0
15980,0,0.6,23.848934352690215,0
15985,0,0.6,20.06020209217195,0
15990,0,0.6,16.40941525920026,0
15995,0,0.6,13.50219796779418,0
16000,0,0.6,12.228993747478132,0
16005,0,0.6,30.264919694022097,0
16010,0,0.6,40.25594492055699,0
16015,0,0.6,35.04016644610028,0
16020,0,0.6,28.023198893177096,0
16025,0,0.6,23.741143840374136,0
16030,0,0.6,20.246668563368694,0
16035,0,0.6,18.739333333333338,0
16040,0,0.6,17.405316130095606,0
16045,0,0.6,16.479930898856484,0
16050,0,0.6,15.345377954424968,0
16055,0,0.6,13.202818619353579,0
16060,0,0.7999999999999999,10.463271144490923,0
16065,0,0.7999999999999999,39.673942116138036,0
16070,0,0.9999999999999999,50.2100430979946,0
16075,0,0.9999999999999999,45.15407435975675,0
16080,0,0.9978234790020887,37.91121082414627,0
16085,0,0.7999999999999999,33.14777841589107,0
16090,0,0.7999999999999999,29.63774865875951,0
16095,0,0.7999999999999999,27.312559549338538,0
16100,0,0.7999999999999999,25.53077014263461,0
16105,0,0.7170024955026759,21.563992236279628,0
16110,0,0.5307086402254431,16.925888590366533,0
16115,0,0.39999999999999997,14.391666666666666,7.105427357601002e-15
16120,0,0.7999999999999999,13.733267274373985,0
16125,0,0.7999999999999999,62.935935234696316,0
16130,0,0.7999999999999999,76.00766666666667,0
16135,0,0.7999999999999999,71.84098106733437,0
16140,0,0.7999999999999999,60.4194322058912,0
16145,0,0.7999999999999999,53.30096048632309,0
16150,0,0.9999999999999999,46.704887880858045,0
16155,0,0.9999999999999999,40.73172955176056,0
16160,0,0.9999999999999999,36.93229006241566,0
16165,0,0.9999999999999999,31.393770580548782,0
16170,0,0.7455209969208412,28.365748157271092,0
16175,0,0.6,23.459715362394206,1.4210854715202004e-14
16180,0,0.7428321344794914,19.55525764059527,0
16185,0,0.7999999999999999,338.55311707104215,0
16190,0,0.9999999999999999,431.61135411867656,0
16195,0,0.9999999999999999,391.5240932706861,0
16200,0,1.0336866691108664,336.83425640905483,0
16205,0,0.9999999999999999,291.3500689284786,3.552713678800501e-15
16210,0,0.9999999999999999,251.54375889498021,0
16215,0,0.9999999999999999,218.78148203697864,0
16220,0,0.9999999999999999,191.89054954827537,0
16225,0,1.0338363851587549,170.54227966609258,0
16230,0,1.4,150.98170308140436,1.0658141036401503e-14
16235,0,1.47408824197642,134.9161772394233,0
16240,0,1.0869057613360216,118.56195302780417,7.105427357601002e-15
16245,0,1.2,1031.1050797205914,0
16250,0,1.2,1318.2567252650279,0
16255,0,1.2,1169.4529421455873,0
16260,0,1.4,1007.3978436408863,0
16265,0,1.4,862.798658187845,0
16270,0,1.5999999999999999,734.2927882382111,0
16275,0,1.7999999999999998,635.9687408131159,0
16280,0,1.7999999999999998,554.0801245679005,0
16285,0,2.1999999999999997,489.40471003601635,0
16290,0.005933050581823594,1.9254561098410852,430.00415067721264,0
16295,0,1.9732056634516262,374.0783627782285,1.7763568394002505e-14
16300,0,1.9374170056307085,316.06698900865143,3.552713678800501e-15
16305,0,1.6539290508506803,1682.2374191794602,0
16310,0,1.5999999999999999,2156.3653938388898,0
16315,0,1.5999999999999999,1917.3549293644273,0
16320,0.032463261280114834,1.439366192203918,1633.493902973457,0
16325,0,1.303117210885717,1373.341591624296,3.552713678800501e-15
16330,0,1.0213352548422734,1165.0054826799374,0
16335,0,0.9999999999999999,997.3017721771927,0
16340,0,0.9999999999999999,865.7161352369967,0
16345,0,1.1757125091933063,749.7127461428727,0
16350,0,0.9999999999999999,656.3685885476723,1.0658141036401503e-14
16355,0,0.9999999999999999,566.7766322285096,0
16360,0,0.9999999999999999,485.4656952047352,0
16365,0,0.9999999999999999,2250.2027433584203,0
16370,0,1.2,2778.472272041464,0
16375,0.016859213430842422,1.1831407865691574,2485.3922523521314,0
16380,0.03071820879887019,1.3475004616719903,2115.028760722317,0
16385,0,1.2,1807.186763631545,0
16390,0,1.4,1540.4569866220836,0
16395,0.024191429705941438,1.369447389344982,1328.2453042800678,0
16400,0.19803478229019783,1.2019652177098021,1159.9675535222887,0
16405,0.3729500662827817,1.227049933717218,1005.93731105176,0
16410,0.3801186103903489,1.419881389609651,869.3851738853467,0
16415,0.43363585598740606,1.1782255828656332,761.2586795991328,0
16420,0.44419116343390486,1.355808836566095,661.3080288946026,2.1316282072803006e-14
16425,0.43486628079593886,1.1026226618064245,753.2022886586346,0
16430,0.37251492389386254,1.0274850761061374,741.0977054153861,1.2434497875801753e-14
16435,0.47821841446018454,0.9217815855398153,642.7780015984607,0
16440,0.45480825806024233,1.1451917419397577,556.9128702048586,0
16445,0.7437636658721777,1.0467877702057118,476.7134311098172,0
16450,1.0383971727728751,0.42094344972954156,420.7092739822465,0
16455,0.7783483982673215,0.6216516017326783,366.0461599160259,0
16460,0.7170359983389836,0.6829640016610163,320.44235946756083,0
16465,0.6736895451117101,0.7263104548882897,281.3596299831284,0
16470,0.7319852873274786,0.6680147126725213,250.14001183928136,0
16475,0.35544362912086735,0.9402643840478073,216.29776942752252,0
16480,0.23624739995856703,0.9637526000414328,188.9097197939392,3.552713678800501e-15
16485,0.5159479347441009,0.560009130769198,435.0560563072949,0
16490,0.36840484763480175,0.6315951523651981,492.890917706879,0
16495,0.20046339928749154,0.7995366007125084,438.87821392781996,0
16500,0.7261355927425097,0.4738644072574902,371.07781047589975,0
16505,0.34601465360662687,0.8042521998228563,310.9433705229915,0
16510,0.581386287598204,0.4186137124017959,275.2903029217844,0
16515,0.5345837936331792,0.46541620636682074,242.68308051389897,0
16520,0.3502533249541071,0.6497466750458928,211.5225995266577,0
16525,0.43933315285855146,0.543655554290173,189.64635565254193,0
16530,0.3145248841061158,0.18468182611140194,169.30962424351077,0
16535,0.04501982987199607,0.18329097265198363,147.32266699781468,0
16540,0.05579326357132194,0.14420673642867804,126.28855521463434,3.552713678800501e-15
16545,0.06596371183046387,0.1340362881695361,142.02187969232858,0
16550,0.19999999999999998,0.0,142.59973974746464,0
16555,0.04956332463471939,0.35043667536528056,125.4955451521391,0
16560,0.01844113241233277,0.3815588675876672,63.31272027769295,0
16565,0.03736689648400479,0.5626331035159952,54.556600282781375,0
16570,0.03377832019833799,0.44695680784987335,50.14140682492451,0
16575,0,0.39999999999999997,47.489259074219206,0
16580,0,0.6,43.78747299286497,0
16585,0,0.6,38.41977290871329,0
16590,0,0.6,33.23616632182472,0
16595,0,0.4567814137902897,26.670501214843245,0
16600,0,0.39999999999999997,21.41910242831371,0
16605,0,0.39999999999999997,755.3977476697387,0
16610,0,0.39999999999999997,1010.1350669318068,0
16615,0,0.24253481597144885,908.1873938482873,0
16620,0,0.19999999999999998,770.5206015963311,0
16625,0,0.19999999999999998,652.7805749975117,0
16630,0,0.19999999999999998,561.5321782242337,0
16635,0,0.19999999999999998,492.47062502927236,0
16640,0,0.19999999999999998,432.4458475384159,0
16645,0,0.19999999999999998,377.46656629792386,0
16650,0,0.19999999999999998,328.8087749190851,0
16655,0,0.19999999999999998,291.31180369653885,0
16660,0,0.19999999999999998,259.9801452722406,0
16665,0,0.19999999999999998,1071.0418505003502,0
16670,0,0.06669745577103955,1329.8816916845547,0
16675,0,0,1167.7450864689101,0
16680,0,0,1011.5855203790105,0
16685,0,0,877.8973662668503,0
16690,0,0.1550571265498384,752.9347265150818,0
16695,0,0,648.889409848364,0
16700,0,0,561.3647105309378,0
16705,0,0,491.69142153094805,0
16710,0,0,427.60337708311255,0
16715,0,0,372.9085481165842,0
16720,0,0,326.3898665890101,0
16725,0,0,420.03232152203907,0
16730,0,0,420.92484556176726,0
16735,0,0,365.2154816655583,0
16740,0,0.19999999999999998,308.2722730459326,0
16745,0,0.19999999999999998,261.04777905772994,0
16750,0,0.19999999999999998,230.30699426226664,0
16755,0,0.19999999999999998,199.34706476673614,0
16760,0,0.19999999999999998,174.09562749917734,0
16765,0,0.19999999999999998,151.32395247694038,0
16770,0,0.19999999999999998,130.00060181289408,0
16775,0,0.19999999999999998,110.91448931354988,0
16780,0,0.19999999999999998,96.00468370256633,0
16785,0,0.19999999999999998,84.30977693299562,0
16790,0,0.003337205574732882,74.5191417273317,0
16795,0,0,64.56749436144689,7.105427357601002e-15
16800,0,0,39.299654131354735,0
16805,0,0,34.877963195205844,0
16810,0,0,30.019177231451742,0
16815,0,0,27.500346916594438,0
16820,0,0,24.136203406318668,0
16825,0,0,21.56876489959543,0
16830,0,0.19999999999999998,18.156774410915098,0
16835,0.019769785985857935,0.18023021401414205,15.1821311026038,0
16840,0,0.19999999999999998,13.344595643282888,0
16845,0,0.19999999999999998,31.3655058806725,0
16850,0,0.19999999999999998,31.42312601333577,0
16855,0.018835091000650513,0.18116490899934948,27.126351201525903,0
16860,0,0.19999999999999998,23.501865699936033,0
16865,0,0.19999999999999998,18.926294066175153,0
16870,0,0.19999999999999998,16.546491152315607,0
16875,0,0.19999999999999998,14.67469217106727,0
16880,0,0.19999999999999998,12.799999999999997,0
16885,0.006618328019372817,0.19338167198062717,12.497707339275529,0
16890,0,0.19999999999999998,11.729128279323572,0
16895,0,0.19999999999999998,10.814792022638414,0
16900,0,0.19999999999999998,9.51366328828639,0
16905,0,0.19999999999999998,27.219591969941657,0
16910,0,0.19999999999999998,31.683179975429507,0
16915,0,0.19999999999999998,28.837034953318334,0
16920,0,0.19999999999999998,22.945758948746455,0
16925,0,0.19999999999999998,19.082578767995408,0
16930,0,0.19999999999999998,15.60234191846319,0
16935,0,0.19999999999999998,14.049426791273916,0
16940,0,0.19999999999999998,13.39905400635282,0
16945,0,0.19999999999999998,10.761666666666658,0
16950,0,0.19999999999999998,9.604170219946113,0
16955,0,0.19999999999999998,8.36441030416153,0
16960,0,0.19999999999999998,7.8788735046730265,0
16965,0,0.19999999999999998,30.466666666666672,0
16970,0,0.19999999999999998,34.622024211394,0
16975,0,0.19999999999999998,26.164535677652886,0
16980,0,0.19999999999999998,23.585267231809013,0
16985,0,0.19999999999999998,18.689901775174363,0
16990,0,0.19999999999999998,16.20400965679108,0
16995,0,0.19999999999999998,13.787734864122893,0
17000,0,0.19999999999999998,11.216514570311594,0
17005,0,0.19999999999999998,10.46682441115794,0
17010,0,0.19999999999999998,8.306822082632868,0
17015,0,0.19999999999999998,5.766666666666666,0
17020,0,0.10696224317393763,5.766666666666666,0
17025,0,0,116.14982524259506,0
17030,0,0,139.28276332130704,0
17035,0,0,129.2987941632831,0
17040,0,0,115.18246550105565,0
17045,0,0,97.30213072360985,0
17050,0,0,81.39654677886588,0
17055,0,0,69.5407415850931,0
17060,0,0,59.55190025144392,0
17065,0,0,54.14402745115595,0
17070,0,0,47.14594134802838,0
17075,0,0,41.23887213070147,0
17080,0,0,36.910584602038504,0
17085,0,0,59.12990306147238,0
17090,0,0,61.26504597193315,0
17095,0,0,51.80726334570572,0
17100,0,0,44.03165919759315,0
17105,0,0,38.353850845438146,0
17110,0,0,35.36566701897315,0
17115,0,0,30.836802700852083,0
17120,0,0,25.675565411804243,0
17125,0,0,22.054509962357933,0
17130,0,0,19.566686302806776,0
17135,0,0,17.203526483462806,0
17140,0,0,13.906253997187642,0
17145,0,0,10.011416082092143,0
17150,0,0,9.406201167348229,0
17155,0,0,7.81415135009577,0
17160,0,0,4.692117228696798,0
17165,0,0,3.578832966952059,0
17170,0,0,2.7333333333333334,0
17175,0,0,2.7333333333333334,0
17180,0,0,2.7333333333333334,0
17185,0,0,2.245511533628288,0
17190,0,0,1.8166666666666667,0
17195,0,0,1.8166666666666667,0
17200,0,0,1.8166666666666667,0
17205,0,0,19.947385760807826,0
17210,0,0,27.956666666666678,0
17215,0,0,24.226067810949065,0
17220,0,0,20.916538547097158,0
17225,0,0,17.084430757256328,0
17230,0,0,12.767510121698864,0
17235,0,0,9.365431779351827,0
17240,0,0.19999999999999998,8.455925187604606,0
17245,0,0.19999999999999998,7.2116453115842,0
17250,0,0.19999999999999998,4.588411919835012,0
17255,0,0.09271346694168844,3.7539386826730725,0
17260,0,0,1.7618863375885652,3.552713678800501e-15
17265,0,0,5.883333333333333,0
17270,0,0,8.840666666666673,0
17275,0,0,6.94544452588016,0
17280,0,0,6.377999999999995,0
17285,0,0,5.29101880754882,0
17290,0,0,3.7835816393124815,0
17295,0,0,3.05,0
17300,0,0,3.05,0
17305,0,0,3.05,0
17310,0,0,2.9449948584066754,0
17315,0,0,2.0711963006700085,0
17320,0,0,1.8333333333333333,0
17325,0,0,54.590656208053495,0
17330,0,0,67.19314091399775,0
17335,0,0,59.526661722671896,0
17340,0,0,53.069691880048715,0
17345,0,0,45.38612732675355,0
17350,0,0,36.93209883784373,0
17355,0,0,30.113749706291653,0
17360,0,0,24.783422954125207,0
17365,0,0,21.022036037143973,0
17370,0,0,19.788077883346524,0
17375,0,0,18.78349753828227,0
17380,0,0,17.431404472380507,0
17385,0,0,24.324321384135757,0
17390,0,0,24.30865172830915,0
17395,0,0,18.886857058922367,0
17400,0,0,13.321137794172612,0
17405,0,0,10.257367906269282,0
17410,0,0,8.583333333333332,0
17415,0,0,8.361498893046939,0
17420,0,0,7.983333333333333,0
17425,0,0,7.674167294923526,0
17430,0,0,7.066666666666666,0
17435,0,0,7.066666666666666,0
17440,0,0,6.76547015519356,0
17445,0,0,13.210924281810549,0
17450,0,0,16.658914817793438,0
17455,0,0,14.632349975527774,0
17460,0,0,11.920188447195075,0
17465,0,0,9.301542647291496,0
17470,0,0,7.945103574785701,0
17475,0,0,7.941666666666666,0
17480,0,0,7.941666666666666,0
17485,0,0,7.941666666666666,0
17490,0,0,6.84974669791403,0
17495,0,0,5.39634078025569,0
17500,0,0,4.55,0
17505,0,0,19.596660643902727,0
17510,0,0,24.386000000000003,0
17515,0,0,18.794524729251336,0
17520,0,0,16.42451511526283,0
17525,0,0,14.749848804078463,0
17530,0,0,13.585088630448048,0
17535,0,0,12.3939761769623,0
17540,0,0,10.489168272461706,0
17545,0,0,9.999999999999996,0
17550,0,0,9.999999999999996,0
17555,0,0,9.999999999999996,0
17560,0,0,8.971054606256418,0
17565,0,0,15.592665902180462,0
17570,0,0,17.329970325073983,0
17575,0,0,15.854666666666665,0
17580,0,0,14.145700334159178,0
17585,0,0,11.258312922387315,0
17590,0,0,9.59710524644374,0
17595,0,0,7.928200811268922,0
17600,0,0,5.570107321141978,0
17605,0,0,4.456531611175184,0
17610,0,0.19999999999999998,3.7910319556437493,0
17615,0,0.19999999999999998,2.3231687118151307,0
17620,0,0.19999999999999998,2.15,0
17625,0,0.19999999999999998,72.65833333333335,0
17630,0,0.19999999999999998,98.6249808735176,0
17635,0,0.19999999999999998,87.06454547238003,0
17640,0,0.19999999999999998,73.94974243066868,0
17645,0,0.19999999999999998,61.257033858924665,0
17650,0,0.19999999999999998,52.80879922001326,0
17655,0,0.19999999999999998,44.29369169845615,0
17660,0,0.19999999999999998,37.35345079033489,0
17665,0,0.19999999999999998,29.850729729440964,0
17670,0,0.1233469682636241,22.176854672551503,0
17675,0,0,18.296745373406203,7.105427357601002e-15
17680,0,0,14.671051623359714,0
17685,0,0,120.76688501442446,0
17690,0,0,146.94106547924645,0
17695,0,0,135.97455762980965,0
17700,0,0,116.1828888983452,0
17705,0,0,99.40800194149031,0
17710,0,0.19999999999999998,87.4003070827155,0
17715,0,0.19999999999999998,77.20433856993768,0
17720,0,0.19999999999999998,68.13596269980653,0
17725,0,0.19999999999999998,61.21251934512218,0
17730,0,0.19999999999999998,57.333506583307475,0
17735,0,0.19999999999999998,49.73661899092566,0
17740,0,0.19999999999999998,43.22266713273264,0
17745,0,0.19999999999999998,156.03989939936125,0
17750,0,0.19999999999999998,181.45853777238227,0
17755,0,0.19999999999999998,155.29693551001887,0
17760,0,0.19999999999999998,131.92313458216904,0
17765,0.04453238918847938,0.1554676108115206,118.69826247228298,0
17770,0,0.19999999999999998,104.65186356613731,0
17775,0,0.19999999999999998,88.39901261867645,0
17780,0.01983707225484854,0.18016292774515144,78.45505317242095,0
17785,0.004160733065207103,0.19583926693479287,71.8678707284223,0
17790,0.03148310658642617,0.16851689341357382,64.65611773555997,0
17795,0.06992673464380965,0.13007326535619035,55.642511290422206,0
17800,0,0.19999999999999998,48.509622324300686,0
17805,0.043145886024935645,0.15685411397506432,198.49659009128413,0
17810,0,0.19999999999999998,260.26365940570696,0
17815,0.03051004031637851,0.16948995968362146,229.72704459257653,0
17820,0.01308360908800242,0.18691639091199758,180.82848951513486,0
17825,0.129538642982511,0.07046135701748898,153.83044559122933,0
17830,0.004968804145752209,0.19503119585424777,130.99071032016374,0
17835,0,0.19999999999999998,112.63587454434224,0
17840,0.05215841659566092,0.14784158340433906,96.2882461466824,0
17845,0,0.19999999999999998,84.08182384612785,0
17850,0.1157165753327378,0.08428342466726219,73.488619356294,0
17855,0.13249393036062385,0.06750606963937614,64.6855905818239,0
17860,0.015860544653060846,0.18413945534693915,51.99930996455082,0
17865,0.1897218028941545,0.010278197105845488,178.22294520427417,0
17870,0.19350530634011046,0.006494693659889528,218.3659681290281,0
17875,0.13910728731275404,0.06089271268724594,185.41879806351335,0
17880,0.19726922760268975,0.0027307723973102327,145.56773134948173,0
17885,0.19999999999999998,0.0,122.81137629639932,0
17890,0.08073512804823976,0.0,98.98309788518768,0
17895,0,0,84.56477465518488,0
17900,0,0,71.16706361058112,0
17905,0,0,61.86533403366823,0
17910,0,0,56.89102111671475,0
17915,0,0,52.59293916931748,0
17920,0,0,43.82663661845067,0
17925,0,0,315.24468400682883,0
17930,0,0,415.29009132043655,0
17935,0,0,371.1320749372807,0
17940,0,0,295.79387552968575,0
17945,0,0,246.55265689711638,0
17950,0,0,211.3868527031886,0
17955,0,0,187.14673293994238,0
17960,0,0,162.7729707283081,0
17965,0,0,145.14999958155937,0
17970,0,0,128.3171730712291,0
17975,0,0,112.03307036854585,0
17980,0,0,94.35103466946903,0
17985,0,0,207.33035378469805,0
17990,0,0,227.27613142051146,0
17995,0,0,208.5602697448017,0
18000,0,0,150.54401189163522,0
18005,0,0,128.91539081704065,0
18010,0,0,112.20812664397774,0
18015,0,0,98.0701595313687,0
18020,0,0,82.71240322227654,0
18025,0,0,71.75692532159518,0
18030,0,0,62.70730671645527,0
18035,0,0,52.760584334213696,0
18040,0,0,45.92541558406088,0
18045,0,0,258.5127299967094,0
18050,0,0,309.0375427682502,0
18055,0,0,271.2589775218798,0
18060,0,0,225.3811605639177,0
18065,0,0,199.2837428747713,0
18070,0,0,172.1065409090572,0
18075,0,0,152.36898635336425,0
18080,0,0,133.7457832462053,0
18085,0,0,120.2034657685663,0
18090,0,0,108.48982356245764,0
18095,0,0,97.6418654237539,0
18100,0,0,88.74308470037919,0
18105,0,0,205.6075726250933,0
18110,0,0,248.07407694096202,0
18115,0,0,215.2315703232135,0
18120,0,0,168.08628194354964,0
18125,0,0,141.39497201897012,0
18130,0,0,118.73638506285367,0
18135,0,0,102.82377269069872,0
18140,0,0,85.45184714064423,0
18145,0,0,75.81578338650372,0
18150,0,0,66.2893620789024,0
18155,0,0,56.717683094252585,0
18160,0,0,45.355494611263644,0
18165,0,0,140.21883288722123,0
18170,0,0,159.90369117458252,0
18175,0,0,143.17599065046653,0
18180,0,0,110.41271753384,0
18185,0,0,94.8468710288565,0
18190,0,0,81.19928692219574,0
18195,0,0,69.00692637015456,0
18200,0,0,60.60465028872656,0
18205,0,0,54.55045518591614,0
18210,0,0,48.76795120365504,0
18215,0,0,44.384304989075595,0
18220,0,0,35.437432498411184,0
18225,0,0,231.62813965473669,0
18230,0,0,304.1846601363232,0
18235,0,0,274.04999851970814,0
18240,0,0,223.31340429924916,0
18245,0,0,197.14948418785966,0
18250,0,0,166.06012122680326,0
18255,0,0,142.27990803223364,0
18260,0,0,123.27339268759576,0
18265,0,0,100.17384289233033,0
18270,0,0,81.88288079479354,0
18275,0,0,70.9747625551799,0
18280,0,0,61.06138511234307,0
18285,0,0,106.40293058812772,0
18290,0,0,128.88527567508433,0
18295,0,0,111.8941820482288,0
18300,0,0,69.77028172945106,0
18305,0,0,57.404595986824965,0
18310,0,0,48.936351294037884,0
18315,0,0,42.18331864932084,0
18320,0,0,37.95247246648049,0
18325,0,0,33.073881713539606,0
18330,0,0,31.114386977426296,0
18335,0,0,29.963159001406474,0
18340,0,0,27.63952437593647,0
18345,0,0,156.29978016491322,0
18350,0,0,193.22922559070776,0
18355,0,0,171.45469262011608,0
18360,0,0,127.63480710706992,0
18365,0,0,109.90614036858851,0
18370,0,0,96.042125022807,0
18375,0,0,80.22161025731452,0
18380,0,0,71.79486274522674,0
18385,0,0,64.15272157213495,0
18390,0,0,57.89298839523728,0
18395,0,0,52.8384286863934,0
18400,0,0,47.26923807442065,0
18405,0,0,58.46377814798369,0
18410,0,0,58.79192250108451,0
18415,0,0,51.152028184083036,0
18420,0,0,19.339712764368205,0
18425,0,0,17.176817398867144,0
18430,0,0,14.07067632345778,0
18435,0,0,12.90523396002601,0
18440,0,0,11.156859751003875,0
18445,0,0,10.15343273965051,0
18450,0,0,10.0,0
18455,0,0,10.0,0
18460,0,0,9.083659795676743,0
18465,0,0,121.10922417587646,0
18470,0,0.19999999999999998,160.8983194669146,0
18475,0,0.19999999999999998,137.7174113741828,0
18480,0,0.19999999999999998,108.41840406998345,0
18485,0,0.19999999999999998,91.11576512989446,0
18490,0,0.19999999999999998,79.35515314000611,0
18495,0,0.19999999999999998,65.16547899900178,0
18500,0,0.19999999999999998,55.11002116587732,0
18505,0,0.19999999999999998,46.19679384823298,0
18510,0,0.12827167419327165,42.50529246435025,0
18515,0,0,39.053151478876714,7.105427357601002e-15
18520,0,0,32.80771750809538,0
18525,0,0,44.840170874211445,0
18530,0,0,43.95609696332711,0
18535,0,0,38.80126548907504,0
18540,0,0,22.20466666666665,0
18545,0,0,21.486666666666657,0
18550,0,0,20.025745633541845,0
18555,0,0,19.150086210619524,0
18560,0,0,16.504190997206216,0
18565,0,0,15.113549286912656,0
18570,0,0,13.122167708619116,0
18575,0,0,12.197038792412423,0
18580,0,0,11.26129212193546,0
18585,0,0,81.4335079415567,0
18590,0,0,105.80793069742678,0
18595,0,0,96.0226911329098,0
18600,0,0,80.28068760469432,0
18605,0,0,68.34279099582736,0
18610,0,0,59.70522793381893,0
18615,0,0,47.784074434899,0
18620,0,0,42.5913575961044,0
18625,0,0,38.98068564432933,0
18630,0,0,34.40218687480136,0
18635,0,0,32.47192364577155,0
18640,0,0,29.692142001478206,0
18645,0,0,37.268979641032566,0
18650,0,0,34.082744081133065,0
18655,0,0,28.854904855120644,0
18660,0,0,12.535751307187462,0
18665,0,0,10.422216045776524,0
18670,0,0,9.125,0
18675,0,0,8.263969410264803,0
18680,0,0,8.208333333333332,0
18685,0,0,7.5958327265294505,0
18690,0,0,7.249999999999999,0
18695,0,0,7.249999999999999,0
18700,0,0,7.11927538857839,0
18705,0,0,50.975,0
18710,0,0,69.62416193604707,0
18715,0,0,61.34066490961587,0
18720,0,0,47.95753538481668,0
18725,0,0,38.75802355469393,0
18730,0,0,32.76863887377458,0
18735,0,0,28.838154377477178,0
18740,0,0,26.420837828507665,0
18745,0,0,25.073919267617654,0
18750,0,0,19.719079412043417,0
18755,0,0,15.573380826697122,0
18760,0,0,11.878355787247896,0
18765,0,0,44.04261380522289,0
18770,0,0,55.88249292503886,0
18775,0,0,51.471313262299724,0
18780,0,0,36.76902902816869,0
18785,0,0,28.762409394772682,0
18790,0,0,22.114493139917002,0
18795,0,0,18.242663033019905,0
18800,0,0,14.948720661555258,0
18805,0,0,13.287584083231812,0
18810,0,0,11.768067207999172,0
18815,0,0,8.685568667107988,0
18820,0,0,7.324999999999999,0
18825,0,0,45.32132953824886,0
18830,0,0,62.40424428568446,0
18835,0,0,55.80476649571722,0
18840,0,0,47.5823384113785,0
18845,0,0,38.28797184912447,0
18850,0,0,31.886172698009748,0
18855,0,0,26.79765842079743,0
18860,0,0,24.67924661965528,0
18865,0,0,23.336275180493647,0
18870,0,0,21.655631980909913,0
18875,0,0,19.232472187507963,0
18880,0,0,16.65002039387424,0
18885,0,0,17.056244685712315,0
18890,0,0,18.474999999999998,0
18895,0,0,17.028920203937073,0
18900,0,0,14.130858252602234,0
18905,0,0,13.326666666666663,0
18910,0,0,11.490777351753291,0
18915,0,0,10.31669924915244,0
18920,0,0,9.816666666666666,0
18925,0,0,7.371695973920277,0
18930,0,0,7.025,0
18935,0,0,6.433702716468434,0
18940,0,0,5.225,0
18945,0,0,9.233333333333333,0
18950,0,0,10.296052361627149,0
18955,0,0,8.48576322919536,0
18960,0,0,6.583666666666678,0
18965,0,0,5.9095345782716295,0
18970,0,0,5.384333333333319,0
18975,0,0,5.208333333333333,0
18980,0,0,4.427762225530432,0
18985,0,0,3.098050649972367,0
18990,0,0,3.0916666666666663,0
18995,0,0,3.0916666666666663,0
19000,0,0,3.0916666666666663,0.5879952013638565
19005,0,0,6.249880485645364,0
19010,0,0,9.219571530043865,0
19015,0,0,8.20266666666666,0
19020,0,0,6.711000000000012,0
19025,0,0,5.1846769241614306,0
19030,0,0,4.235008585129888,0
19035,0,0,3.2648930128759157,0
19040,0,0,2.716666666666667,0
19045,0,0,2.716666666666667,0
19050,0,0,2.445045960351232,0
19055,0,0,1.7999999999999998,0
19060,0,0,1.7999999999999998,0
19065,0,0,115.65833333333322,0
19070,0,0,152.97082128363456,0
19075,0,0,137.70325294429426,0
19080,0,0,110.00583302207927,0
19085,0,0,89.07707019208077,0
19090,0,0,75.5709868501222,0
19095,0,0,65.61223713720177,0
19100,0,0,58.870506008856346,0
19105,0,0,51.039975905540054,0
19110,0,0,43.44652243231859,0
19115,0,0,40.244880525584904,0
19120,0,0,38.091305652421966,0
19125,0,0,134.73247668150458,0
19130,0,0,165.33065465916454,0
19135,0,0,148.665324240054,0
19140,0,0,113.8487626404934,0
19145,0,0,93.46417759147323,0
19150,0,0.19999999999999998,75.30950006436423,0
19155,0,0.19999999999999998,65.13771707479862,0
19160,0,0.19999999999999998,59.69923532962946,0
19165,0,0.19999999999999998,52.347542503085734,0
19170,0,0.19999999999999998,48.565657593720914,0
19175,0,0.19999999999999998,44.348260221406434,0
19180,0,0.19999999999999998,40.8128601045759,0
19185,0,0.19999999999999998,216.2238068043214,0
19190,0,0.19999999999999998,272.611400436635,0
19195,0,0.19999999999999998,235.10674014262807,0
19200,0,0.19999999999999998,184.51092668328218,0
19205,0,0.19999999999999998,157.73513749801043,0
19210,0,0.19999999999999998,136.5603235352358,0
19215,0.037144871605359044,0.16285512839464095,120.00069901574776,0
19220,0.04275829689420229,0.1572417031057977,104.88569586194953,0
19225,0,0.19999999999999998,96.29417285737807,0
19230,0,0.19999999999999998,87.68433775059776,0
19235,0.04997123097721595,0.15002876902278403,73.17525236845445,0
19240,0.09227849111216128,0.1077215088878387,58.117670070221536,0
19245,0,0.19999999999999998,263.12432723191523,0
19250,0.06467269418016074,0.13532730581983926,341.10145426784436,0
19255,0,0.19999999999999998,305.46239481670557,0
19260,0,0.19999999999999998,243.22548608313056,0
19265,0,0.19999999999999998,209.9855567195765,0
19270,0.09827262017832722,0.30172737982167275,180.70750968474545,0
19275,0.04994379634808389,0.3500562036519161,148.73165164911686,0
19280,0.06224997434979013,0.33775002565020984,125.20041388686775,0
19285,0.11383257346946629,0.2861674265305337,111.47678070441827,0
19290,0.10433611966243293,0.295663880337567,99.23969065013563,0
19295,0.24346886230816947,0.35653113769183054,89.63690797934716,0
19300,0,0.6,78.57246947359606,0
19305,0.09520869817010846,0.7047913018298915,296.2254135546323,0
19310,0.22983821348604302,0.5701617865139569,355.6947216437377,0
19315,0.3912388321600997,0.40876116783990024,310.2885119640848,0
19320,0.02405348020441298,0.7759465197955868,247.43175826575316,0
19325,0.24947519260629605,0.4510585142526716,215.72619482343487,0
19330,0.08073512804823976,0.39999999999999997,189.8989358747044,0
19335,0,0.39999999999999997,167.31743163667812,0
19340,0,0.39999999999999997,145.59048239825964,0
19345,0,0.39999999999999997,128.1148964158096,0
19350,0,0.39999999999999997,115.15605105979535,0
19355,0,0.39999999999999997,100.54903158094261,0
19360,0,0.37416799530268485,86.18077326756328,0
19365,0,0.19999999999999998,263.1405639558097,0
19370,0,0.19999999999999998,330.58827301118043,0
19375,0,0.19999999999999998,296.6760253936382,0
19380,0,0.19999999999999998,231.2938496733849,0
19385,0,0.19999999999999998,195.1090528751723,0
19390,0,0.19999999999999998,156.78197579988066,0
19395,0,0.19999999999999998,133.5935460232334,0
19400,0,0.15249925811238582,115.62343032824259,0
19405,0,0,95.66980099651522,0
19410,0,0,82.32721302652838,0
19415,0,0,74.08399785571291,0
19420,0,0,64.78690746851657,0
19425,0,0,246.61269486871856,0
19430,0,0,290.2429897592926,0
19435,0,0,256.3342370290194,0
19440,0,0,199.20517363630992,0
19445,0,0,163.4158218314892,0
19450,0,0,136.79706010400517,0
19455,0,0,118.92593146027959,0
19460,0,0,102.61773475883774,0
19465,0,0,92.64579078846035,0
19470,0,0,84.66138305572579,0
19475,0,0,75.31185567455154,0
19480,0,0,67.54526487649048,0
19485,0,0,220.38660006558158,0
19490,0,0,253.75893319570045,0
19495,0,0,214.24894548277246,0
19500,0,0,162.88517526014857,0
19505,0,0,137.1832775522011,0
19510,0,0,114.79784617165853,0
19515,0,0,100.54390327579965,0
19520,0,0,88.91153433265603,0
19525,0,0,78.70642529063407,0
19530,0,0,72.44656199636968,0
19535,0,0,65.4308079343873,0
19540,0,0,57.61368618398643,0
19545,0,0,258.7115400332155,0
19550,0,0,332.2905758270888,0
19555,0,0,292.4749840364979,0
19560,0,0,231.7042616106481,0
19565,0.19999999999999998,0.19999999999999998,200.86810276364452,0
19570,0.19999999999999998,0.39999999999999997,177.49589580891507,0
19575,0.3730812361978994,0.22691876380210055,154.67183580877105,0
19580,0.11643418792740381,0.4835658120725961,131.27333227845787,0
19585,0.08705431570022755,0.5129456842997724,117.06218462249981,0
19590,0.19301094333469485,0.40698905666530516,103.38775047400014,0
19595,0.19999999999999998,0.39999999999999997,90.58686900645888,0
19600,0.05986471158484004,0.5401352884151599,78.4790875216654,0
19605,0.0040154633741448995,0.595984536625855,173.70657002110582,0
19610,0.14585967691600435,0.30184699514541546,194.34921818281745,0
19615,0,0.39999999999999997,171.3417192116676,7.105427357601002e-15
19620,0,0.36376650618313566,127.42245156903532,0
19625,0.14758100214834974,0.052418997851650245,112.0464735785189,7.105427357601002e-15
19630,0.0661441579335971,0.13385584206640289,97.93455507103414,0
19635,0.18711964955646876,0.012880350443531224,86.96980740797551,0
19640,0.04760752729646406,0.15239247270353593,79.64606301618693,0
19645,0.008444115878307637,0.19155588412169233,74.42566907737329,0
19650,0,0.19999999999999998,65.71997230354808,0
19655,0.062310529452914855,0.13768947054708514,59.00670717867723,0
19660,0,0.19999999999999998,50.37102399355573,0
19665,0,0.19999999999999998,224.71460116580147,0
19670,0.057972957949938814,0.0,295.3934841887139,0
19675,0.07317851835289693,0.326821481647103,259.8339070500187,0
19680,0.09408932842753209,0.3059106715724679,202.70754219706893,0
19685,0.02167445843328117,0.3783255415667188,177.32922060946524,0
19690,0,0.39999999999999997,155.88191355950022,0
19695,0.05892781722893293,0.34107218277106705,137.39191134015786,0
19700,0,0.39999999999999997,117.33659843362281,0
19705,0.08283939520183581,0.5171606047981642,94.02366800050008,0
19710,0,0.6,79.35644045828515,0
19715,0,0.6,69.09671748271046,0
19720,0,0.6,56.63344270021067,0
19725,0,0.7999999999999999,136.05229584643894,0
19730,0.0085515635421737,0.5409166636412894,164.1689324443315,0
19735,0,0.24168610162783358,149.48160559471285,7.105427357601002e-15
19740,0,0.19999999999999998,95.73690329612586,0
19745,0,0.19999999999999998,75.71400951289013,0
19750,0,0.19999999999999998,63.10806850174927,0
19755,0,0.19999999999999998,52.80410423531836,0
19760,0,0.19999999999999998,47.51622942332292,0
19765,0,0.39999999999999997,41.10968569831766,0
19770,0,0.39999999999999997,34.6696157355806,0
19775,0,0.39999999999999997,31.047069693097008,2.103515324944521
19780,0,0.39999999999999997,28.061641669634575,0
19785,0,0.39999999999999997,144.22553398481924,0
19790,0,0.39999999999999997,180.6186750674686,0
19795,0,0.39999999999999997,162.19971808389118,0
19800,0,0.39999999999999997,120.23870688218689,0
19805,0,0.39999999999999997,100.35415475919716,0
19810,0,0.39999999999999997,88.1259145673373,0
19815,0,0.39999999999999997,76.49747428594497,0
19820,0,0.39999999999999997,65.26099373323136,0
19825,0,0.39999999999999997,58.73639940720781,0
19830,0,0.39999999999999997,53.46560581571887,0
19835,0,0.39999999999999997,50.56713052830647,0
19840,0,0.39999999999999997,44.507689554031494,0
19845,0,0.39999999999999997,74.6152438623351,0
19850,0,0.39999999999999997,72.2633841535275,0
19855,0,0.39999999999999997,62.14349004623873,0
19860,0,0.39999999999999997,30.529549641574775,0
19865,0,0.39999999999999997,26.25225307188234,0
19870,0,0.39999999999999997,22.35312646811338,0
19875,0,0.6,18.564585617189792,0
19880,0,0.6,16.333344964956396,0
19885,0,0.6,15.841666666666665,0
19890,0,0.6,14.79226278667269,0
19895,0,0.6,12.118937776097939,0
19900,0,0.6,10.628046313870787,0
19905,0,0.6,121.34122785377342,0
19910,0,0.6,156.52683942300803,0
19915,0,0.45246055860002166,132.06712386644338,0
19920,0,0.39999999999999997,103.23166681641919,2.1316282072803006e-14
19925,0,0.6,86.37937120848561,0
19930,0,0.6,76.02894379765523,0
19935,0,0.6,64.19018781924534,0
19940,0,0.6,55.490762972797164,0
19945,0,0.6,46.57867635059573,0
19950,0,0.6,41.204491357527345,0
19955,0,0.6,37.196277194728374,0
19960,0,0.6,32.48739224179148,0
19965,0,0.5960057120270843,64.28806875479842,0
19970,0,0.2477066720614198,62.43055586282389,1.4210854715202004e-14
19975,0,0.19999999999999998,53.38230923504326,7.105427357601002e-15
19980,0,0.19999999999999998,30.870998821640733,0
19985,0,0.19999999999999998,27.820322873158943,0
19990,0,0.19999999999999998,26.266407079219867,0
19995,0,0.19999999999999998,23.05302882177884,0
20000,0,0.19999999999999998,19.642910045358445,0
20005,0,0.19999999999999998,16.381951277186165,0
20010,0,0.19999999999999998,14.851504584512162,0
20015,0,0.11616560902405346,12.403562590509233,0
20020,0,0,11.833333333333332,0
20025,0,0,69.59498696466635,0
20030,0,0,93.03441238912214,0
20035,0,0,85.72231862483348,0
20040,0,0,65.596369475505,0
20045,0,0,57.40447429368669,0
20050,0,0,52.355896724311954,0
20055,0,0,43.38356204559732,0
20060,0,0,39.240795714119415,0
20065,0,0,36.12501897766266,0
20070,0,0,30.219351145148046,0
20075,0,0,27.645256979104833,0
20080,0,0.19999999999999998,24.988850864703416,0
20085,0,0.19999999999999998,38.84875915059725,2.5469988003409867
20090,0,0.19999999999999998,39.97685740898536,0
20095,0,0.19999999999999998,33.72863949260595,0
20100,0,0.19999999999999998,20.615046097701537,0
20105,0,0.19999999999999998,19.89357623305053,0
20110,0,0.19999999999999998,17.95612158000104,0
20115,0,0.19999999999999998,16.26666666666667,0
20120,0,0.19999999999999998,15.717226734536082,0
20125,0,0.19999999999999998,13.380692753355738,0
20130,0,0.11856774547804291,11.058333333333335,0
20135,0,0,10.27650398557051,7.105427357601002e-15
20140,0,0,8.809975275229851,0
20145,0,0,99.86666666666657,0
20150,0,0,134.8183313325284,0
20155,0,0,125.06596954293839,0
