time_step,cur_activity,charge_received,charge_received_pv,charge_received_grid,charge_received_work,charge_received_public,soc,mu,work_charge_instruction,home_charge_instruction,emergency_charge_instruction,soc_abs
10075,2,0,0,0,0,0,0.751,12.259,0,0,0,57.827
10080,2,0,0,0,0,0,0.751,12.259,0,0,0,57.827
10085,2,0,0,0,0,0,0.751,12.26,0,0,0,57.827
10090,2,0,0,0,0,0,0.751,12.261,0,0,0,57.827
10095,2,0,0,0,0,0,0.751,12.263,0,0,0,57.827
10100,2,0,0,0,0,0,0.751,12.264,0,0,0,57.827
10105,2,0,0,0,0,0,0.751,12.265,0,0,0,57.827
10110,2,0,0,0,0,0,0.751,12.266,0,0,0,57.827
10115,2,0,0,0,0,0,0.751,12.267,0,0,0,57.827
10120,2,0,0,0,0,0,0.751,12.268,0,0,0,57.827
10125,2,0,0,0,0,0,0.751,12.27,0,0,0,57.827
10130,2,0,0,0,0,0,0.751,12.271,0,0,0,57.827
10135,2,0,0,0,0,0,0.751,12.272,0,0,0,57.827
10140,0,0,0,0,0,0,0.743,12.273,0,0,0,57.211
10145,0,0,0,0,0,0,0.736,12.274,0,0,0,56.672
10150,0,0,0,0,0,0,0.729,12.275,0,0,0,56.133
10155,0,0,0,0,0,0,0.721,12.276,0,0,0,55.517
10160,0,0,0,0,0,0,0.714,12.277,0,0,0,54.978
10165,0,0,0,0,0,0,0.706,12.278,0,0,0,54.362
10170,0,0,0,0,0,0,0.699,12.279,0,0,0,53.823
10175,0,0,0,0,0,0,0.692,12.28,0,0,0,53.284
10180,0,0,0,0,0,0,0.684,12.281,0,0,0,52.668
10185,0,0,0,0,0,0,0.677,12.282,0,0,0,52.129
10190,0,0,0,0,0,0,0.669,12.283,0,0,0,51.513
10195,0,0,0,0,0,0,0.662,12.283,0,0,0,50.974
10200,0,0,0,0,0,0,0.655,12.284,0,0,0,50.435
10205,0,0,0,0,0,0,0.647,12.286,0,0,0,49.819
10210,0,0,0,0,0,0,0.64,12.287,0,0,0,49.28
10215,0,0,0,0,0,0,0.632,12.288,0,0,0,48.664
10220,0,0,0,0,0,0,0.625,12.289,0,0,0,48.125
10225,0,0,0,0,0,0,0.618,12.29,0,0,0,47.586
10230,0,0,0,0,0,0,0.61,12.291,0,0,0,46.97
10235,0,0,0,0,0,0,0.603,12.293,0,0,0,46.431
10240,0,0,0,0,0,0,0.595,12.294,0,0,0,45.815
10245,0,0,0,0,0,0,0.588,12.295,0,0,0,45.276
10250,0,0,0,0,0,0,0.581,12.296,0,0,0,44.737
10255,0,0,0,0,0,0,0.573,12.297,0,0,0,44.121
10260,0,0,0,0,0,0,0.566,12.298,0,0,0,43.582
10265,0,0,0,0,0,0,0.558,12.3,0,0,0,42.966
10270,0,0,0,0,0,0,0.551,12.301,0,0,0,42.427
10275,0,0,0,0,0,0,0.544,12.302,0,0,0,41.888
10280,0,0,0,0,0,0,0.536,12.303,0,0,0,41.272
10285,0,0,0,0,0,0,0.529,12.304,0,0,0,40.733
10290,0,0,0,0,0,0,0.521,12.305,0,0,0,40.117
10295,0,0,0,0,0,0,0.514,12.306,0,0,0,39.578
10300,0,0,0,0,0,0,0.507,12.307,0,0,0,39.039
10305,0,0,0,0,0,0,0.499,12.308,0,0,0,38.423
10310,0,0,0,0,0,0,0.492,12.309,0,0,0,37.884
10315,1,0,0,0,0,0,0.486,12.31,0,5.4,0,37.422
10320,1,0,0,0,0,0,0.486,12.311,0,5.4,0,37.422
10325,1,0,0,0,0,0,0.486,12.312,0,5.4,0,37.422
10330,1,0,0,0,0,0,0.486,12.313,0,5.4,0,37.422
10335,1,0,0,0,0,0,0.486,12.313,0,5.4,0,37.422
10340,1,0,0,0,0,0,0.486,12.314,0,5.4,0,37.422
10345,1,0,0,0,0,0,0.486,12.314,0,5.4,0,37.422
10350,1,0,0,0,0,0,0.486,12.315,0,5.4,0,37.422
10355,1,0,0,0,0,0,0.486,12.316,0,5.4,0,37.422
10360,1,0,0,0,0,0,0.486,12.316,0,5.4,0,37.422
10365,1,0,0,0,0,0,0.486,12.317,0,5.4,0,37.422
10370,1,0,0,0,0,0,0.486,12.317,0,5.4,0,37.422
10375,1,0,0,0,0,0,0.486,12.318,0,5.4,0,37.422
10380,1,0,0,0,0,0,0.486,12.319,0,5.4,0,37.422
10385,1,0,0,0,0,0,0.486,12.319,0,5.4,0,37.422
10390,1,0,0,0,0,0,0.486,12.319,0,5.4,0,37.422
10395,1,0,0,0,0,0,0.486,12.319,0,5.4,0,37.422
10400,1,0.007,0.007,0,0,0,0.487,12.319,0,5.4,0,37.499
10405,1,0,0,0,0,0,0.487,12.319,0,5.394,0,37.499
10410,1,0,0,0,0,0,0.487,12.319,0,5.394,0,37.499
10415,1,0,0,0,0,0,0.487,12.319,0,5.394,0,37.499
10420,1,0,0,0,0,0,0.487,12.318,0,5.394,0,37.499
10425,1,0,0,0,0,0,0.487,12.318,0,5.394,0,37.499
10430,1,0,0,0,0,0,0.487,12.317,0,5.394,0,37.499
10435,1,0,0,0,0,0,0.487,12.317,0,5.394,0,37.499
10440,1,0,0,0,0,0,0.487,12.316,0,5.394,0,37.499
10445,1,0,0,0,0,0,0.487,12.315,0,5.394,0,37.499
10450,1,0,0,0,0,0,0.487,12.313,0,5.394,0,37.499
10455,1,0,0,0,0,0,0.487,12.306,0,5.394,0,37.499
10460,1,0,0,0,0,0,0.487,12.298,0,5.394,0,37.499
10465,1,0.024,0.024,0,0,0,0.487,12.291,0,5.394,0,37.499
10470,1,0.005,0.005,0,0,0,0.487,12.288,0,5.37,0,37.499
10475,1,0.001,0.001,0,0,0,0.487,12.286,0,5.365,0,37.499
10480,1,0,0,0,0,0,0.487,12.285,0,5.364,0,37.499
10485,1,0,0,0,0,0,0.487,12.284,0,5.364,0,37.499
10490,1,0.029,0.029,0,0,0,0.487,12.284,0,5.364,0,37.499
10495,1,0.005,0.005,0,0,0,0.487,12.285,0,5.335,0,37.499
10500,1,0.001,0.001,0,0,0,0.487,12.277,0,5.331,0,37.499
10505,1,0.062,0.062,0,0,0,0.488,12.276,0,5.33,0,37.576
10510,1,0,0,0,0,0,0.488,12.279,0,5.268,0,37.576
10515,1,0,0,0,0,0,0.488,12.28,0,5.268,0,37.576
10520,1,0.917,0.048,0.868,0,0,0.5,12.281,0,5.268,0,38.5
10525,1,0.917,0.035,0.882,0,0,0.512,12.282,0,4.351,0,39.424
10530,1,0.917,0,0.917,0,0,0.524,12.283,0,3.434,0,40.348
10535,1,0.917,0.008,0.909,0,0,0.536,12.282,0,2.518,0,41.272
10540,1,0.917,0.015,0.901,0,0,0.548,12.287,0,1.601,0,42.196
10545,1,0.684,0,0.684,0,0,0.557,12.296,0,0.684,0,42.889
10550,0,0,0,0,0,0,0.549,12.297,0,0,0,42.273
10555,0,0,0,0,0,0,0.542,12.298,0,0,0,41.734
10560,0,0,0,0,0,0,0.534,12.299,0,0,0,41.118
10565,0,0,0,0,0,0,0.527,12.3,0,0,0,40.579
10570,0,0,0,0,0,0,0.52,12.301,0,0,0,40.04
10575,0,0,0,0,0,0,0.512,12.302,0,0,0,39.424
10580,0,0,0,0,0,0,0.505,12.303,0,0,0,38.885
10585,0,0,0,0,0,0,0.497,12.304,0,0,0,38.269
10590,0,0,0,0,0,0,0.49,12.305,0,0,0,37.73
10595,0,0,0,0,0,0,0.483,12.305,0,0,0,37.191
10600,0,0,0,0,0,0,0.475,12.306,0,0,0,36.575
10605,0,0,0,0,0,0,0.468,12.305,0,0,0,36.036
10610,0,0,0,0,0,0,0.46,12.301,0,0,0,35.42
10615,0,0,0,0,0,0,0.453,12.297,0,0,0,34.881
10620,0,0,0,0,0,0,0.446,12.293,0,0,0,34.342
10625,0,0,0,0,0,0,0.438,12.287,0,0,0,33.726
10630,0,0,0,0,0,0,0.431,12.276,0,0,0,33.187
10635,0,0,0,0,0,0,0.423,12.255,0,0,0,32.571
10640,0,0,0,0,0,0,0.416,12.256,0,0,0,32.032
10645,0,0,0,0,0,0,0.409,12.251,0,0,0,31.493
10650,0,0,0,0,0,0,0.401,12.241,0,0,0,30.877
10655,0,0,0,0,0,0,0.394,12.242,0,0,0,30.338
10660,0,0,0,0,0,0,0.386,12.243,0,0,0,29.722
10665,0,0,0,0,0,0,0.379,12.244,0,0,0,29.183
10670,0,0,0,0,0,0,0.372,12.245,0,0,0,28.644
10675,0,0,0,0,0,0,0.364,12.246,0,0,0,28.028
10680,0,0,0,0,0,0,0.357,12.247,0,0,0,27.489
10685,0,0,0,0,0,0,0.349,12.248,0,0,0,26.873
10690,0,0,0,0,0,0,0.342,12.25,0,0,0,26.334
10695,0,0,0,0,0,0,0.335,12.245,0,0,0,25.795
10700,0,0,0,0,0,0,0.327,12.246,0,0,0,25.179
10705,0,0,0,0,0,0,0.32,12.247,0,0,0,24.64
10710,0,0,0,0,0,0,0.312,12.248,0,0,0,24.024
10715,0,0,0,0,0,0,0.305,12.248,0,0,0,23.485
10720,0,0,0,0,0,0,0.298,12.249,0,0,0,22.946
10725,2,0.917,0,0,0.917,0,0.304,12.249,35.316,0,0,23.408
10730,2,0.917,0,0,0.917,0,0.316,12.241,34.399,0,0,24.332
10735,2,0.917,0,0,0.917,0,0.328,12.23,33.482,0,0,25.256
10740,2,0.917,0,0,0.917,0,0.34,12.22,32.566,0,0,26.18
10745,2,0.917,0,0,0.917,0,0.352,12.214,31.649,0,0,27.104
10750,2,0.917,0,0,0.917,0,0.364,12.215,30.732,0,0,28.028
10755,2,0.917,0,0,0.917,0,0.376,12.216,29.816,0,0,28.952
10760,2,0.917,0,0,0.917,0,0.387,12.203,28.899,0,0,29.799
10765,2,0.917,0,0,0.917,0,0.399,12.204,27.982,0,0,30.723
10770,2,0.917,0,0,0.917,0,0.411,12.205,27.066,0,0,31.647
10775,2,0.917,0,0,0.917,0,0.423,12.206,26.149,0,0,32.571
10780,2,0.917,0,0,0.917,0,0.435,12.207,25.232,0,0,33.495
10785,2,0.917,0,0,0.917,0,0.447,12.188,24.316,0,0,34.419
10790,2,0.917,0,0,0.917,0,0.459,12.183,23.399,0,0,35.343
10795,2,0.917,0,0,0.917,0,0.471,12.196,22.482,0,0,36.267
10800,2,0.917,0,0,0.917,0,0.483,12.188,21.566,0,0,37.191
10805,2,0.917,0,0,0.917,0,0.495,12.14,20.649,0,0,38.115
10810,2,0.917,0,0,0.917,0,0.506,12.1,19.732,0,0,38.962
10815,2,0.917,0,0,0.917,0,0.518,12.089,18.816,0,0,39.886
10820,2,0.917,0,0,0.917,0,0.53,12.078,17.899,0,0,40.81
10825,2,0.917,0,0,0.917,0,0.542,12.078,16.982,0,0,41.734
10830,2,0.917,0,0,0.917,0,0.554,12.077,16.066,0,0,42.658
10835,2,0.917,0,0,0.917,0,0.566,12.063,15.149,0,0,43.582
10840,2,0.917,0,0,0.917,0,0.578,12.048,14.232,0,0,44.506
10845,2,0.917,0,0,0.917,0,0.59,12.024,13.316,0,0,45.43
10850,2,0.917,0,0,0.917,0,0.602,12.016,12.399,0,0,46.354
10855,2,0.917,0,0,0.917,0,0.614,11.987,11.482,0,0,47.278
10860,2,0.917,0,0,0.917,0,0.626,11.988,10.566,0,0,48.202
10865,2,0.917,0,0,0.917,0,0.637,11.989,9.649,0,0,49.049
10870,2,0.917,0,0,0.917,0,0.649,11.99,8.732,0,0,49.973
10875,2,0.917,0,0,0.917,0,0.661,11.991,7.816,0,0,50.897
10880,2,0.917,0,0,0.917,0,0.673,11.981,6.899,0,0,51.821
10885,2,0.917,0,0,0.917,0,0.685,11.973,5.982,0,0,52.745
10890,2,0.917,0,0,0.917,0,0.697,11.974,5.066,0,0,53.669
10895,2,0.917,0,0,0.917,0,0.709,11.975,4.149,0,0,54.593
10900,2,0.917,0,0,0.917,0,0.721,11.976,3.232,0,0,55.517
10905,2,0.917,0,0,0.917,0,0.733,11.977,2.316,0,0,56.441
10910,2,0.917,0,0,0.917,0,0.745,11.967,1.399,0,0,57.365
10915,2,0.482,0,0,0.482,0,0.751,11.968,0.482,0,0,57.827
10920,2,0,0,0,0,0,0.751,11.968,0,0,0,57.827
10925,2,0,0,0,0,0,0.751,11.968,0,0,0,57.827
10930,2,0,0,0,0,0,0.751,11.967,0,0,0,57.827
10935,2,0,0,0,0,0,0.751,11.966,0,0,0,57.827
10940,2,0,0,0,0,0,0.751,11.958,0,0,0,57.827
10945,2,0,0,0,0,0,0.751,11.934,0,0,0,57.827
10950,2,0,0,0,0,0,0.751,11.927,0,0,0,57.827
10955,2,0,0,0,0,0,0.751,11.927,0,0,0,57.827
10960,2,0,0,0,0,0,0.751,11.948,0,0,0,57.827
10965,2,0,0,0,0,0,0.751,11.925,0,0,0,57.827
10970,2,0,0,0,0,0,0.751,11.894,0,0,0,57.827
10975,2,0,0,0,0,0,0.751,11.873,0,0,0,57.827
10980,2,0,0,0,0,0,0.751,11.873,0,0,0,57.827
10985,2,0,0,0,0,0,0.751,11.872,0,0,0,57.827
10990,2,0,0,0,0,0,0.751,11.871,0,0,0,57.827
10995,2,0,0,0,0,0,0.751,11.87,0,0,0,57.827
11000,2,0,0,0,0,0,0.751,11.869,0,0,0,57.827
11005,2,0,0,0,0,0,0.751,11.868,0,0,0,57.827
11010,2,0,0,0,0,0,0.751,11.867,0,0,0,57.827
11015,2,0,0,0,0,0,0.751,11.866,0,0,0,57.827
11020,2,0,0,0,0,0,0.751,11.871,0,0,0,57.827
11025,2,0,0,0,0,0,0.751,11.87,0,0,0,57.827
11030,2,0,0,0,0,0,0.751,11.869,0,0,0,57.827
11035,2,0,0,0,0,0,0.751,11.868,0,0,0,57.827
11040,2,0,0,0,0,0,0.751,11.867,0,0,0,57.827
11045,2,0,0,0,0,0,0.751,11.866,0,0,0,57.827
11050,2,0,0,0,0,0,0.751,11.864,0,0,0,57.827
11055,2,0,0,0,0,0,0.751,11.863,0,0,0,57.827
11060,2,0,0,0,0,0,0.751,11.866,0,0,0,57.827
11065,2,0,0,0,0,0,0.751,11.864,0,0,0,57.827
11070,2,0,0,0,0,0,0.751,11.863,0,0,0,57.827
11075,2,0,0,0,0,0,0.751,11.862,0,0,0,57.827
11080,2,0,0,0,0,0,0.751,11.86,0,0,0,57.827
11085,2,0,0,0,0,0,0.751,11.859,0,0,0,57.827
11090,2,0,0,0,0,0,0.751,11.858,0,0,0,57.827
11095,2,0,0,0,0,0,0.751,11.856,0,0,0,57.827
11100,2,0,0,0,0,0,0.751,11.855,0,0,0,57.827
11105,2,0,0,0,0,0,0.751,11.855,0,0,0,57.827
11110,2,0,0,0,0,0,0.751,11.854,0,0,0,57.827
11115,2,0,0,0,0,0,0.751,11.856,0,0,0,57.827
11120,2,0,0,0,0,0,0.751,11.856,0,0,0,57.827
11125,2,0,0,0,0,0,0.751,11.856,0,0,0,57.827
11130,2,0,0,0,0,0,0.751,11.855,0,0,0,57.827
11135,2,0,0,0,0,0,0.751,11.855,0,0,0,57.827
11140,2,0,0,0,0,0,0.751,11.855,0,0,0,57.827
11145,2,0,0,0,0,0,0.751,11.854,0,0,0,57.827
11150,2,0,0,0,0,0,0.751,11.854,0,0,0,57.827
11155,2,0,0,0,0,0,0.751,11.855,0,0,0,57.827
11160,2,0,0,0,0,0,0.751,11.857,0,0,0,57.827
11165,2,0,0,0,0,0,0.751,11.858,0,0,0,57.827
11170,2,0,0,0,0,0,0.751,11.86,0,0,0,57.827
11175,2,0,0,0,0,0,0.751,11.86,0,0,0,57.827
11180,2,0,0,0,0,0,0.751,11.86,0,0,0,57.827
11185,2,0,0,0,0,0,0.751,11.86,0,0,0,57.827
11190,2,0,0,0,0,0,0.751,11.861,0,0,0,57.827
11195,2,0,0,0,0,0,0.751,11.861,0,0,0,57.827
11200,2,0,0,0,0,0,0.751,11.861,0,0,0,57.827
11205,2,0,0,0,0,0,0.751,11.861,0,0,0,57.827
11210,2,0,0,0,0,0,0.751,11.861,0,0,0,57.827
11215,2,0,0,0,0,0,0.751,11.861,0,0,0,57.827
11220,2,0,0,0,0,0,0.751,11.862,0,0,0,57.827
11225,2,0,0,0,0,0,0.751,11.862,0,0,0,57.827
11230,2,0,0,0,0,0,0.751,11.861,0,0,0,57.827
11235,2,0,0,0,0,0,0.751,11.861,0,0,0,57.827
11240,2,0,0,0,0,0,0.751,11.861,0,0,0,57.827
11245,2,0,0,0,0,0,0.751,11.861,0,0,0,57.827
11250,2,0,0,0,0,0,0.751,11.861,0,0,0,57.827
11255,2,0,0,0,0,0,0.751,11.861,0,0,0,57.827
11260,2,0,0,0,0,0,0.751,11.861,0,0,0,57.827
11265,2,0,0,0,0,0,0.751,11.861,0,0,0,57.827
11270,2,0,0,0,0,0,0.751,11.861,0,0,0,57.827
11275,2,0,0,0,0,0,0.751,11.861,0,0,0,57.827
11280,2,0,0,0,0,0,0.751,11.861,0,0,0,57.827
11285,2,0,0,0,0,0,0.751,11.86,0,0,0,57.827
11290,2,0,0,0,0,0,0.751,11.859,0,0,0,57.827
11295,2,0,0,0,0,0,0.751,11.858,0,0,0,57.827
11300,2,0,0,0,0,0,0.751,11.857,0,0,0,57.827
11305,2,0,0,0,0,0,0.751,11.856,0,0,0,57.827
11310,2,0,0,0,0,0,0.751,11.855,0,0,0,57.827
11315,2,0,0,0,0,0,0.751,11.854,0,0,0,57.827
11320,2,0,0,0,0,0,0.751,11.853,0,0,0,57.827
11325,2,0,0,0,0,0,0.751,11.852,0,0,0,57.827
11330,2,0,0,0,0,0,0.751,11.851,0,0,0,57.827
11335,2,0,0,0,0,0,0.751,11.85,0,0,0,57.827
11340,2,0,0,0,0,0,0.751,11.849,0,0,0,57.827
11345,2,0,0,0,0,0,0.751,11.848,0,0,0,57.827
11350,2,0,0,0,0,0,0.751,11.847,0,0,0,57.827
11355,2,0,0,0,0,0,0.751,11.846,0,0,0,57.827
11360,2,0,0,0,0,0,0.751,11.845,0,0,0,57.827
11365,2,0,0,0,0,0,0.751,11.844,0,0,0,57.827
11370,2,0,0,0,0,0,0.751,11.843,0,0,0,57.827
11375,2,0,0,0,0,0,0.751,11.842,0,0,0,57.827
11380,2,0,0,0,0,0,0.751,11.841,0,0,0,57.827
11385,2,0,0,0,0,0,0.751,11.84,0,0,0,57.827
11390,2,0,0,0,0,0,0.751,11.839,0,0,0,57.827
11395,2,0,0,0,0,0,0.751,11.838,0,0,0,57.827
11400,2,0,0,0,0,0,0.751,11.837,0,0,0,57.827
11405,2,0,0,0,0,0,0.751,11.837,0,0,0,57.827
11410,2,0,0,0,0,0,0.751,11.836,0,0,0,57.827
11415,2,0,0,0,0,0,0.751,11.836,0,0,0,57.827
11420,2,0,0,0,0,0,0.751,11.835,0,0,0,57.827
11425,2,0,0,0,0,0,0.751,11.835,0,0,0,57.827
11430,2,0,0,0,0,0,0.751,11.834,0,0,0,57.827
11435,2,0,0,0,0,0,0.751,11.834,0,0,0,57.827
11440,2,0,0,0,0,0,0.751,11.833,0,0,0,57.827
11445,2,0,0,0,0,0,0.751,11.833,0,0,0,57.827
11450,2,0,0,0,0,0,0.751,11.832,0,0,0,57.827
11455,2,0,0,0,0,0,0.751,11.832,0,0,0,57.827
11460,0,0,0,0,0,0,0.743,11.831,0,0,0,57.211
11465,0,0,0,0,0,0,0.736,11.831,0,0,0,56.672
11470,0,0,0,0,0,0,0.729,11.831,0,0,0,56.133
11475,0,0,0,0,0,0,0.721,11.831,0,0,0,55.517
11480,0,0,0,0,0,0,0.714,11.831,0,0,0,54.978
11485,0,0,0,0,0,0,0.706,11.83,0,0,0,54.362
11490,0,0,0,0,0,0,0.699,11.83,0,0,0,53.823
11495,0,0,0,0,0,0,0.692,11.83,0,0,0,53.284
11500,0,0,0,0,0,0,0.684,11.83,0,0,0,52.668
11505,0,0,0,0,0,0,0.677,11.829,0,0,0,52.129
11510,0,0,0,0,0,0,0.669,11.829,0,0,0,51.513
11515,0,0,0,0,0,0,0.662,11.829,0,0,0,50.974
11520,0,0,0,0,0,0,0.655,11.829,0,0,0,50.435
11525,0,0,0,0,0,0,0.647,11.828,0,0,0,49.819
11530,0,0,0,0,0,0,0.64,11.828,0,0,0,49.28
11535,0,0,0,0,0,0,0.632,11.828,0,0,0,48.664
11540,0,0,0,0,0,0,0.625,11.828,0,0,0,48.125
11545,0,0,0,0,0,0,0.618,11.827,0,0,0,47.586
11550,0,0,0,0,0,0,0.61,11.827,0,0,0,46.97
11555,0,0,0,0,0,0,0.603,11.827,0,0,0,46.431
11560,0,0,0,0,0,0,0.595,11.827,0,0,0,45.815
11565,0,0,0,0,0,0,0.588,11.826,0,0,0,45.276
11570,0,0,0,0,0,0,0.581,11.826,0,0,0,44.737
11575,0,0,0,0,0,0,0.573,11.826,0,0,0,44.121
11580,0,0,0,0,0,0,0.566,11.826,0,0,0,43.582
11585,0,0,0,0,0,0,0.558,11.826,0,0,0,42.966
11590,0,0,0,0,0,0,0.551,11.825,0,0,0,42.427
11595,0,0,0,0,0,0,0.544,11.825,0,0,0,41.888
11600,0,0,0,0,0,0,0.536,11.825,0,0,0,41.272
11605,0,0,0,0,0,0,0.529,11.825,0,0,0,40.733
11610,0,0,0,0,0,0,0.521,11.825,0,0,0,40.117
11615,0,0,0,0,0,0,0.514,11.825,0,0,0,39.578
11620,0,0,0,0,0,0,0.507,11.825,0,0,0,39.039
11625,0,0,0,0,0,0,0.499,11.825,0,0,0,38.423
11630,0,0,0,0,0,0,0.492,11.825,0,0,0,37.884
11635,1,0,0,0,0,0,0.486,11.825,0,4.988,0,37.422
11640,1,0,0,0,0,0,0.486,11.824,0,4.988,0,37.422
11645,1,0,0,0,0,0,0.486,11.824,0,4.988,0,37.422
11650,1,0,0,0,0,0,0.486,11.824,0,4.988,0,37.422
11655,1,0,0,0,0,0,0.486,11.823,0,4.988,0,37.422
11660,1,0,0,0,0,0,0.486,11.823,0,4.988,0,37.422
11665,1,0,0,0,0,0,0.486,11.823,0,4.988,0,37.422
11670,1,0,0,0,0,0,0.486,11.822,0,4.988,0,37.422
11675,1,0,0,0,0,0,0.486,11.822,0,4.988,0,37.422
11680,1,0,0,0,0,0,0.486,11.822,0,4.988,0,37.422
11685,1,0,0,0,0,0,0.486,11.821,0,4.988,0,37.422
11690,1,0,0,0,0,0,0.486,11.821,0,4.988,0,37.422
11695,1,0,0,0,0,0,0.486,11.82,0,4.988,0,37.422
11700,1,0,0,0,0,0,0.486,11.82,0,4.988,0,37.422
11705,1,0,0,0,0,0,0.486,11.82,0,4.988,0,37.422
11710,1,0,0,0,0,0,0.486,11.82,0,4.988,0,37.422
11715,1,0,0,0,0,0,0.486,11.819,0,4.988,0,37.422
11720,1,0,0,0,0,0,0.486,11.819,0,4.988,0,37.422
11725,1,0,0,0,0,0,0.486,11.819,0,4.988,0,37.422
11730,1,0,0,0,0,0,0.486,11.819,0,4.988,0,37.422
11735,1,0,0,0,0,0,0.486,11.818,0,4.988,0,37.422
11740,1,0,0,0,0,0,0.486,11.818,0,4.988,0,37.422
11745,1,0,0,0,0,0,0.486,11.818,0,4.988,0,37.422
11750,1,0,0,0,0,0,0.486,11.818,0,4.988,0,37.422
11755,1,0,0,0,0,0,0.486,11.817,0,4.988,0,37.422
11760,1,0,0,0,0,0,0.486,11.817,0,4.988,0,37.422
11765,1,0,0,0,0,0,0.486,11.817,0,4.988,0,37.422
11770,1,0,0,0,0,0,0.486,11.817,0,4.988,0,37.422
11775,1,0,0,0,0,0,0.486,11.817,0,4.988,0,37.422
11780,1,0,0,0,0,0,0.486,11.816,0,4.988,0,37.422
11785,1,0,0,0,0,0,0.486,11.816,0,4.988,0,37.422
11790,1,0,0,0,0,0,0.486,11.816,0,4.988,0,37.422
11795,1,0,0,0,0,0,0.486,11.816,0,4.988,0,37.422
11800,1,0,0,0,0,0,0.486,11.816,0,4.988,0,37.422
11805,1,0,0,0,0,0,0.486,11.816,0,4.988,0,37.422
11810,1,0,0,0,0,0,0.486,11.815,0,4.988,0,37.422
11815,1,0,0,0,0,0,0.486,11.815,0,4.988,0,37.422
11820,1,0,0,0,0,0,0.486,11.815,0,4.988,0,37.422
11825,1,0,0,0,0,0,0.486,11.814,0,4.988,0,37.422
11830,1,0,0,0,0,0,0.486,11.814,0,4.988,0,37.422
11835,1,0,0,0,0,0,0.486,11.813,0,4.988,0,37.422
11840,1,0.917,0,0.917,0,0,0.498,11.813,0,4.988,0,38.346
11845,1,0.917,0,0.917,0,0,0.51,11.812,0,4.071,0,39.27
11850,1,0.917,0,0.917,0,0,0.522,11.812,0,3.155,0,40.194
11855,1,0.917,0,0.917,0,0,0.534,11.811,0,2.238,0,41.118
11860,1,0.917,0,0.917,0,0,0.546,11.81,0,1.321,0,42.042
11865,1,0.405,0,0.405,0,0,0.551,11.809,0,0.405,0,42.427
11870,0,0,0,0,0,0,0.544,11.808,0,0,0,41.888
11875,0,0,0,0,0,0,0.536,11.807,0,0,0,41.272
11880,0,0,0,0,0,0,0.529,11.807,0,0,0,40.733
11885,0,0,0,0,0,0,0.522,11.807,0,0,0,40.194
11890,0,0,0,0,0,0,0.514,11.806,0,0,0,39.578
11895,0,0,0,0,0,0,0.507,11.806,0,0,0,39.039
11900,0,0,0,0,0,0,0.499,11.806,0,0,0,38.423
11905,0,0,0,0,0,0,0.492,11.805,0,0,0,37.884
11910,0,0,0,0,0,0,0.485,11.802,0,0,0,37.345
11915,0,0,0,0,0,0,0.477,11.796,0,0,0,36.729
11920,0,0,0,0,0,0,0.47,11.792,0,0,0,36.19
11925,0,0,0,0,0,0,0.462,11.788,0,0,0,35.574
11930,0,0,0,0,0,0,0.455,11.791,0,0,0,35.035
11935,0,0,0,0,0,0,0.448,11.793,0,0,0,34.496
11940,0,0,0,0,0,0,0.44,11.797,0,0,0,33.88
11945,0,0,0,0,0,0,0.433,11.793,0,0,0,33.341
11950,0,0,0,0,0,0,0.425,11.79,0,0,0,32.725
11955,0,0,0,0,0,0,0.418,11.794,0,0,0,32.186
11960,0,0,0,0,0,0,0.411,11.798,0,0,0,31.647
11965,0,0,0,0,0,0,0.403,11.797,0,0,0,31.031
11970,0,0,0,0,0,0,0.396,11.797,0,0,0,30.492
11975,0,0,0,0,0,0,0.388,11.795,0,0,0,29.876
11980,0,0,0,0,0,0,0.381,11.79,0,0,0,29.337
11985,0,0,0,0,0,0,0.374,11.785,0,0,0,28.798
11990,0,0,0,0,0,0,0.366,11.784,0,0,0,28.182
11995,0,0,0,0,0,0,0.359,11.784,0,0,0,27.643
12000,0,0,0,0,0,0,0.351,11.788,0,0,0,27.027
12005,0,0,0,0,0,0,0.344,11.788,0,0,0,26.488
12010,0,0,0,0,0,0,0.337,11.787,0,0,0,25.949
12015,0,0,0,0,0,0,0.329,11.786,0,0,0,25.333
12020,0,0,0,0,0,0,0.322,11.785,0,0,0,24.794
12025,0,0,0,0,0,0,0.314,11.785,0,0,0,24.178
12030,0,0,0,0,0,0,0.307,11.784,0,0,0,23.639
12035,0,0,0,0,0,0,0.3,11.783,0,0,0,23.1
12040,0,0,0,0,0,0,0.292,11.782,0,0,0,22.484
12045,2,0.917,0,0,0.917,0,0.299,11.781,35.728,0,0,23.023
12050,2,0.917,0,0,0.917,0,0.311,11.781,34.811,0,0,23.947
12055,2,0.917,0,0,0.917,0,0.323,11.781,33.895,0,0,24.871
12060,2,0.917,0,0,0.917,0,0.334,11.783,32.978,0,0,25.718
12065,2,0.917,0,0,0.917,0,0.346,11.777,32.061,0,0,26.642
12070,2,0.917,0,0,0.917,0,0.358,11.781,31.145,0,0,27.566
12075,2,0.917,0,0,0.917,0,0.37,11.803,30.228,0,0,28.49
12080,2,0.917,0,0,0.917,0,0.382,11.802,29.311,0,0,29.414
12085,2,0.917,0,0,0.917,0,0.394,11.801,28.395,0,0,30.338
12090,2,0.917,0,0,0.917,0,0.406,11.801,27.478,0,0,31.262
12095,2,0.917,0,0,0.917,0,0.418,11.8,26.561,0,0,32.186
12100,2,0.917,0,0,0.917,0,0.43,11.813,25.645,0,0,33.11
12105,2,0.917,0,0,0.917,0,0.442,11.813,24.728,0,0,34.034
12110,2,0.917,0,0,0.917,0,0.454,11.812,23.811,0,0,34.958
12115,2,0.917,0,0,0.917,0,0.465,11.812,22.895,0,0,35.805
12120,2,0.917,0,0,0.917,0,0.477,11.818,21.978,0,0,36.729
12125,2,0.917,0,0,0.917,0,0.489,11.828,21.061,0,0,37.653
12130,2,0.917,0,0,0.917,0,0.501,11.828,20.145,0,0,38.577
12135,2,0.917,0,0,0.917,0,0.513,11.827,19.228,0,0,39.501
12140,2,0.917,0,0,0.917,0,0.525,11.826,18.311,0,0,40.425
12145,2,0.917,0,0,0.917,0,0.537,11.833,17.395,0,0,41.349
12150,2,0.917,0,0,0.917,0,0.549,11.836,16.478,0,0,42.273
12155,2,0.917,0,0,0.917,0,0.561,11.843,15.561,0,0,43.197
12160,2,0.917,0,0,0.917,0,0.573,11.85,14.645,0,0,44.121
12165,2,0.917,0,0,0.917,0,0.584,11.855,13.728,0,0,44.968
12170,2,0.917,0,0,0.917,0,0.596,11.861,12.811,0,0,45.892
12175,2,0.917,0,0,0.917,0,0.608,11.867,11.895,0,0,46.816
12180,2,0.917,0,0,0.917,0,0.62,11.874,10.978,0,0,47.74
12185,2,0.917,0,0,0.917,0,0.632,11.881,10.061,0,0,48.664
12190,2,0.917,0,0,0.917,0,0.644,11.889,9.145,0,0,49.588
12195,2,0.917,0,0,0.917,0,0.656,11.896,8.228,0,0,50.512
12200,2,0.917,0,0,0.917,0,0.668,11.909,7.311,0,0,51.436
12205,2,0.917,0,0,0.917,0,0.68,11.905,6.395,0,0,52.36
12210,2,0.917,0,0,0.917,0,0.692,11.912,5.478,0,0,53.284
12215,2,0.917,0,0,0.917,0,0.704,11.921,4.561,0,0,54.208
12220,2,0.917,0,0,0.917,0,0.715,11.929,3.645,0,0,55.055
12225,2,0.917,0,0,0.917,0,0.727,11.942,2.728,0,0,55.979
12230,2,0.917,0,0,0.917,0,0.739,11.949,1.811,0,0,56.903
12235,2,0.895,0,0,0.895,0,0.751,11.967,0.895,0,0,57.827
12240,2,0,0,0,0,0,0.751,12.02,0,0,0,57.827
12245,2,0,0,0,0,0,0.751,12.028,0,0,0,57.827
12250,2,0,0,0,0,0,0.751,12.036,0,0,0,57.827
12255,2,0,0,0,0,0,0.751,12.043,0,0,0,57.827
12260,2,0,0,0,0,0,0.751,12.051,0,0,0,57.827
12265,2,0,0,0,0,0,0.751,12.059,0,0,0,57.827
12270,2,0,0,0,0,0,0.751,12.066,0,0,0,57.827
12275,2,0,0,0,0,0,0.751,12.08,0,0,0,57.827
12280,2,0,0,0,0,0,0.751,12.088,0,0,0,57.827
12285,2,0,0,0,0,0,0.751,12.095,0,0,0,57.827
12290,2,0,0,0,0,0,0.751,12.104,0,0,0,57.827
12295,2,0,0,0,0,0,0.751,12.109,0,0,0,57.827
12300,2,0,0,0,0,0,0.751,12.118,0,0,0,57.827
12305,2,0,0,0,0,0,0.751,12.127,0,0,0,57.827
12310,2,0,0,0,0,0,0.751,12.135,0,0,0,57.827
12315,2,0,0,0,0,0,0.751,12.149,0,0,0,57.827
12320,2,0,0,0,0,0,0.751,12.159,0,0,0,57.827
12325,2,0,0,0,0,0,0.751,12.168,0,0,0,57.827
12330,2,0,0,0,0,0,0.751,12.176,0,0,0,57.827
12335,2,0,0,0,0,0,0.751,12.183,0,0,0,57.827
12340,2,0,0,0,0,0,0.751,12.19,0,0,0,57.827
12345,2,0,0,0,0,0,0.751,12.198,0,0,0,57.827
12350,2,0,0,0,0,0,0.751,12.18,0,0,0,57.827
12355,2,0,0,0,0,0,0.751,12.188,0,0,0,57.827
12360,2,0,0,0,0,0,0.751,12.197,0,0,0,57.827
12365,2,0,0,0,0,0,0.751,12.204,0,0,0,57.827
12370,2,0,0,0,0,0,0.751,12.211,0,0,0,57.827
12375,2,0,0,0,0,0,0.751,12.218,0,0,0,57.827
12380,2,0,0,0,0,0,0.751,12.228,0,0,0,57.827
12385,2,0,0,0,0,0,0.751,12.234,0,0,0,57.827
12390,2,0,0,0,0,0,0.751,12.227,0,0,0,57.827
12395,2,0,0,0,0,0,0.751,12.234,0,0,0,57.827
12400,2,0,0,0,0,0,0.751,12.218,0,0,0,57.827
12405,2,0,0,0,0,0,0.751,12.225,0,0,0,57.827
12410,2,0,0,0,0,0,0.751,12.231,0,0,0,57.827
12415,2,0,0,0,0,0,0.751,12.238,0,0,0,57.827
12420,2,0,0,0,0,0,0.751,12.245,0,0,0,57.827
12425,2,0,0,0,0,0,0.751,12.251,0,0,0,57.827
12430,2,0,0,0,0,0,0.751,12.255,0,0,0,57.827
12435,2,0,0,0,0,0,0.751,12.257,0,0,0,57.827
12440,2,0,0,0,0,0,0.751,12.266,0,0,0,57.827
12445,2,0,0,0,0,0,0.751,12.269,0,0,0,57.827
12450,2,0,0,0,0,0,0.751,12.274,0,0,0,57.827
12455,2,0,0,0,0,0,0.751,12.277,0,0,0,57.827
12460,2,0,0,0,0,0,0.751,12.28,0,0,0,57.827
12465,2,0,0,0,0,0,0.751,12.283,0,0,0,57.827
12470,2,0,0,0,0,0,0.751,12.287,0,0,0,57.827
12475,2,0,0,0,0,0,0.751,12.291,0,0,0,57.827
12480,2,0,0,0,0,0,0.751,12.294,0,0,0,57.827
12485,2,0,0,0,0,0,0.751,12.296,0,0,0,57.827
12490,2,0,0,0,0,0,0.751,12.298,0,0,0,57.827
12495,2,0,0,0,0,0,0.751,12.301,0,0,0,57.827
12500,2,0,0,0,0,0,0.751,12.303,0,0,0,57.827
12505,2,0,0,0,0,0,0.751,12.305,0,0,0,57.827
12510,2,0,0,0,0,0,0.751,12.306,0,0,0,57.827
12515,2,0,0,0,0,0,0.751,12.312,0,0,0,57.827
12520,2,0,0,0,0,0,0.751,12.298,0,0,0,57.827
12525,2,0,0,0,0,0,0.751,12.297,0,0,0,57.827
12530,2,0,0,0,0,0,0.751,12.305,0,0,0,57.827
12535,2,0,0,0,0,0,0.751,12.306,0,0,0,57.827
12540,2,0,0,0,0,0,0.751,12.306,0,0,0,57.827
12545,2,0,0,0,0,0,0.751,12.306,0,0,0,57.827
12550,2,0,0,0,0,0,0.751,12.306,0,0,0,57.827
12555,2,0,0,0,0,0,0.751,12.308,0,0,0,57.827
12560,2,0,0,0,0,0,0.751,12.308,0,0,0,57.827
12565,2,0,0,0,0,0,0.751,12.308,0,0,0,57.827
12570,2,0,0,0,0,0,0.751,12.299,0,0,0,57.827
12575,2,0,0,0,0,0,0.751,12.292,0,0,0,57.827
12580,2,0,0,0,0,0,0.751,12.291,0,0,0,57.827
12585,2,0,0,0,0,0,0.751,12.289,0,0,0,57.827
12590,2,0,0,0,0,0,0.751,12.284,0,0,0,57.827
12595,2,0,0,0,0,0,0.751,12.283,0,0,0,57.827
12600,2,0,0,0,0,0,0.751,12.281,0,0,0,57.827
12605,2,0,0,0,0,0,0.751,12.281,0,0,0,57.827
12610,2,0,0,0,0,0,0.751,12.28,0,0,0,57.827
12615,2,0,0,0,0,0,0.751,12.278,0,0,0,57.827
12620,2,0,0,0,0,0,0.751,12.271,0,0,0,57.827
12625,2,0,0,0,0,0,0.751,12.269,0,0,0,57.827
12630,2,0,0,0,0,0,0.751,12.268,0,0,0,57.827
12635,2,0,0,0,0,0,0.751,12.266,0,0,0,57.827
12640,2,0,0,0,0,0,0.751,12.266,0,0,0,57.827
12645,2,0,0,0,0,0,0.751,12.266,0,0,0,57.827
12650,2,0,0,0,0,0,0.751,12.265,0,0,0,57.827
12655,2,0,0,0,0,0,0.751,12.264,0,0,0,57.827
12660,2,0,0,0,0,0,0.751,12.263,0,0,0,57.827
12665,2,0,0,0,0,0,0.751,12.261,0,0,0,57.827
12670,2,0,0,0,0,0,0.751,12.26,0,0,0,57.827
12675,2,0,0,0,0,0,0.751,12.258,0,0,0,57.827
12680,2,0,0,0,0,0,0.751,12.256,0,0,0,57.827
12685,2,0,0,0,0,0,0.751,12.254,0,0,0,57.827
12690,2,0,0,0,0,0,0.751,12.252,0,0,0,57.827
12695,2,0,0,0,0,0,0.751,12.25,0,0,0,57.827
12700,2,0,0,0,0,0,0.751,12.248,0,0,0,57.827
12705,2,0,0,0,0,0,0.751,12.247,0,0,0,57.827
12710,2,0,0,0,0,0,0.751,12.245,0,0,0,57.827
12715,2,0,0,0,0,0,0.751,12.243,0,0,0,57.827
12720,2,0,0,0,0,0,0.751,12.241,0,0,0,57.827
12725,2,0,0,0,0,0,0.751,12.24,0,0,0,57.827
12730,2,0,0,0,0,0,0.751,12.238,0,0,0,57.827
12735,2,0,0,0,0,0,0.751,12.237,0,0,0,57.827
12740,2,0,0,0,0,0,0.751,12.235,0,0,0,57.827
12745,2,0,0,0,0,0,0.751,12.234,0,0,0,57.827
12750,2,0,0,0,0,0,0.751,12.232,0,0,0,57.827
12755,2,0,0,0,0,0,0.751,12.231,0,0,0,57.827
12760,2,0,0,0,0,0,0.751,12.229,0,0,0,57.827
12765,2,0,0,0,0,0,0.751,12.228,0,0,0,57.827
12770,2,0,0,0,0,0,0.751,12.226,0,0,0,57.827
12775,2,0,0,0,0,0,0.751,12.225,0,0,0,57.827
12780,0,0,0,0,0,0,0.743,12.223,0,0,0,57.211
12785,0,0,0,0,0,0,0.736,12.221,0,0,0,56.672
12790,0,0,0,0,0,0,0.729,12.219,0,0,0,56.133
12795,0,0,0,0,0,0,0.721,12.217,0,0,0,55.517
12800,0,0,0,0,0,0,0.714,12.214,0,0,0,54.978
12805,0,0,0,0,0,0,0.706,12.212,0,0,0,54.362
12810,0,0,0,0,0,0,0.699,12.21,0,0,0,53.823
12815,0,0,0,0,0,0,0.692,12.208,0,0,0,53.284
12820,0,0,0,0,0,0,0.684,12.205,0,0,0,52.668
12825,0,0,0,0,0,0,0.677,12.203,0,0,0,52.129
12830,0,0,0,0,0,0,0.669,12.201,0,0,0,51.513
12835,0,0,0,0,0,0,0.662,12.199,0,0,0,50.974
12840,0,0,0,0,0,0,0.655,12.196,0,0,0,50.435
12845,0,0,0,0,0,0,0.647,12.194,0,0,0,49.819
12850,0,0,0,0,0,0,0.64,12.191,0,0,0,49.28
12855,0,0,0,0,0,0,0.632,12.188,0,0,0,48.664
12860,0,0,0,0,0,0,0.625,12.186,0,0,0,48.125
12865,0,0,0,0,0,0,0.618,12.183,0,0,0,47.586
12870,0,0,0,0,0,0,0.61,12.18,0,0,0,46.97
12875,0,0,0,0,0,0,0.603,12.178,0,0,0,46.431
12880,0,0,0,0,0,0,0.595,12.175,0,0,0,45.815
12885,0,0,0,0,0,0,0.588,12.172,0,0,0,45.276
12890,0,0,0,0,0,0,0.581,12.17,0,0,0,44.737
12895,0,0,0,0,0,0,0.573,12.167,0,0,0,44.121
12900,0,0,0,0,0,0,0.566,12.164,0,0,0,43.582
12905,0,0,0,0,0,0,0.558,12.163,0,0,0,42.966
12910,0,0,0,0,0,0,0.551,12.161,0,0,0,42.427
12915,0,0,0,0,0,0,0.544,12.159,0,0,0,41.888
12920,0,0,0,0,0,0,0.536,12.157,0,0,0,41.272
12925,0,0,0,0,0,0,0.529,12.155,0,0,0,40.733
12930,0,0,0,0,0,0,0.521,12.154,0,0,0,40.117
12935,0,0,0,0,0,0,0.514,12.152,0,0,0,39.578
12940,0,0,0,0,0,0,0.507,12.15,0,0,0,39.039
12945,0,0,0,0,0,0,0.499,12.148,0,0,0,38.423
12950,0,0,0,0,0,0,0.492,12.146,0,0,0,37.884
12955,1,0,0,0,0,0,0.486,12.145,0,5.197,0,37.422
12960,1,0,0,0,0,0,0.486,12.143,0,5.197,0,37.422
12965,1,0,0,0,0,0,0.486,12.142,0,5.197,0,37.422
12970,1,0,0,0,0,0,0.486,12.141,0,5.197,0,37.422
12975,1,0,0,0,0,0,0.486,12.14,0,5.197,0,37.422
12980,1,0,0,0,0,0,0.486,12.138,0,5.197,0,37.422
12985,1,0,0,0,0,0,0.486,12.137,0,5.197,0,37.422
12990,1,0,0,0,0,0,0.486,12.136,0,5.197,0,37.422
12995,1,0,0,0,0,0,0.486,12.135,0,5.197,0,37.422
13000,1,0,0,0,0,0,0.486,12.134,0,5.197,0,37.422
13005,1,0,0,0,0,0,0.486,12.133,0,5.197,0,37.422
13010,1,0,0,0,0,0,0.486,12.132,0,5.197,0,37.422
13015,1,0,0,0,0,0,0.486,12.131,0,5.197,0,37.422
13020,1,0,0,0,0,0,0.486,12.129,0,5.197,0,37.422
13025,1,0,0,0,0,0,0.486,12.128,0,5.197,0,37.422
13030,1,0,0,0,0,0,0.486,12.127,0,5.197,0,37.422
13035,1,0,0,0,0,0,0.486,12.126,0,5.197,0,37.422
13040,1,0,0,0,0,0,0.486,12.124,0,5.197,0,37.422
13045,1,0,0,0,0,0,0.486,12.123,0,5.197,0,37.422
13050,1,0,0,0,0,0,0.486,12.122,0,5.197,0,37.422
13055,1,0,0,0,0,0,0.486,12.12,0,5.197,0,37.422
13060,1,0,0,0,0,0,0.486,12.119,0,5.197,0,37.422
13065,1,0,0,0,0,0,0.486,12.118,0,5.197,0,37.422
13070,1,0,0,0,0,0,0.486,12.117,0,5.197,0,37.422
13075,1,0,0,0,0,0,0.486,12.115,0,5.197,0,37.422
13080,1,0,0,0,0,0,0.486,12.114,0,5.197,0,37.422
13085,1,0,0,0,0,0,0.486,12.113,0,5.197,0,37.422
13090,1,0,0,0,0,0,0.486,12.112,0,5.197,0,37.422
13095,1,0,0,0,0,0,0.486,12.111,0,5.197,0,37.422
13100,1,0,0,0,0,0,0.486,12.11,0,5.197,0,37.422
13105,1,0,0,0,0,0,0.486,12.109,0,5.197,0,37.422
13110,1,0,0,0,0,0,0.486,12.108,0,5.197,0,37.422
13115,1,0,0,0,0,0,0.486,12.107,0,5.197,0,37.422
13120,1,0,0,0,0,0,0.486,12.106,0,5.197,0,37.422
13125,1,0,0,0,0,0,0.486,12.105,0,5.197,0,37.422
13130,1,0,0,0,0,0,0.486,12.104,0,5.197,0,37.422
13135,1,0,0,0,0,0,0.486,12.103,0,5.197,0,37.422
13140,1,0,0,0,0,0,0.486,12.102,0,5.197,0,37.422
13145,1,0,0,0,0,0,0.486,12.101,0,5.197,0,37.422
13150,1,0,0,0,0,0,0.486,12.1,0,5.197,0,37.422
13155,1,0,0,0,0,0,0.486,12.099,0,5.197,0,37.422
13160,1,0,0,0,0,0,0.486,12.098,0,5.197,0,37.422
13165,1,0,0,0,0,0,0.486,12.097,0,5.197,0,37.422
13170,1,0,0,0,0,0,0.486,12.096,0,5.197,0,37.422
13175,1,0,0,0,0,0,0.486,12.095,0,5.197,0,37.422
13180,1,0,0,0,0,0,0.486,12.094,0,5.197,0,37.422
13185,1,0,0,0,0,0,0.486,12.093,0,5.197,0,37.422
13190,1,0,0,0,0,0,0.486,12.093,0,5.197,0,37.422
13195,1,0,0,0,0,0,0.486,12.092,0,5.197,0,37.422
13200,1,0,0,0,0,0,0.486,12.091,0,5.197,0,37.422
13205,1,0,0,0,0,0,0.486,12.09,0,5.197,0,37.422
13210,1,0,0,0,0,0,0.486,12.089,0,5.197,0,37.422
13215,1,0,0,0,0,0,0.486,12.088,0,5.197,0,37.422
13220,1,0,0,0,0,0,0.486,12.087,0,5.197,0,37.422
13225,1,0,0,0,0,0,0.486,12.086,0,5.197,0,37.422
13230,1,0,0,0,0,0,0.486,12.085,0,5.197,0,37.422
13235,1,0,0,0,0,0,0.486,12.084,0,5.197,0,37.422
13240,1,0,0,0,0,0,0.486,12.083,0,5.197,0,37.422
13245,1,0,0,0,0,0,0.486,12.082,0,5.197,0,37.422
13250,1,0,0,0,0,0,0.486,12.081,0,5.197,0,37.422
13255,1,0,0,0,0,0,0.486,12.081,0,5.197,0,37.422
13260,1,0,0,0,0,0,0.486,12.08,0,5.197,0,37.422
13265,1,0,0,0,0,0,0.486,12.079,0,5.197,0,37.422
13270,1,0,0,0,0,0,0.486,12.078,0,5.197,0,37.422
13275,1,0,0,0,0,0,0.486,12.078,0,5.197,0,37.422
13280,1,0,0,0,0,0,0.486,12.077,0,5.197,0,37.422
13285,1,0,0,0,0,0,0.486,12.076,0,5.197,0,37.422
13290,1,0,0,0,0,0,0.486,12.076,0,5.197,0,37.422
13295,1,0,0,0,0,0,0.486,12.075,0,5.197,0,37.422
13300,1,0,0,0,0,0,0.486,12.075,0,5.197,0,37.422
13305,1,0,0,0,0,0,0.486,12.074,0,5.197,0,37.422
13310,1,0,0,0,0,0,0.486,12.074,0,5.197,0,37.422
13315,1,0,0,0,0,0,0.486,12.073,0,5.197,0,37.422
13320,1,0,0,0,0,0,0.486,12.072,0,5.197,0,37.422
13325,1,0,0,0,0,0,0.486,12.072,0,5.197,0,37.422
13330,1,0.008,0.008,0,0,0,0.487,12.072,0,5.197,0,37.499
13335,1,0,0,0,0,0,0.487,12.071,0,5.189,0,37.499
13340,1,0.003,0.003,0,0,0,0.487,12.071,0,5.189,0,37.499
13345,1,0.016,0.016,0,0,0,0.487,12.071,0,5.185,0,37.499
13350,1,0.004,0.004,0,0,0,0.487,12.07,0,5.17,0,37.499
13355,1,0.001,0.001,0,0,0,0.487,12.07,0,5.166,0,37.499
13360,1,0,0,0,0,0,0.487,12.069,0,5.165,0,37.499
13365,1,0,0,0,0,0,0.487,12.069,0,5.165,0,37.499
13370,1,0,0,0,0,0,0.487,12.069,0,5.165,0,37.499
13375,1,0.03,0.03,0,0,0,0.487,12.068,0,5.165,0,37.499
13380,1,0.048,0.048,0,0,0,0.488,12.068,0,5.135,0,37.576
13385,1,0.054,0.054,0,0,0,0.489,12.067,0,5.087,0,37.653
13390,1,0,0,0,0,0,0.489,12.067,0,5.033,0,37.653
13395,1,0.044,0.044,0,0,0,0.489,12.067,0,5.033,0,37.653
13400,1,0.072,0.072,0,0,0,0.49,12.066,0,4.989,0,37.73
13405,1,0.053,0.053,0,0,0,0.491,12.063,0,4.917,0,37.807
13410,1,0.091,0.091,0,0,0,0.492,12.062,0,4.864,0,37.884
13415,1,0,0,0,0,0,0.492,12.062,0,4.773,0,37.884
13420,1,0.037,0.037,0,0,0,0.492,12.06,0,4.773,0,37.884
13425,1,0,0,0,0,0,0.492,12.06,0,4.736,0,37.884
13430,1,0.126,0.126,0,0,0,0.494,12.059,0,4.736,0,38.038
13435,1,0.081,0.081,0,0,0,0.495,12.059,0,4.61,0,38.115
13440,1,0.125,0.125,0,0,0,0.497,12.057,0,4.529,0,38.269
13445,1,0.131,0.131,0,0,0,0.498,12.052,0,4.404,0,38.346
13450,1,0.106,0.106,0,0,0,0.5,12.051,0,4.273,0,38.5
13455,1,0,0,0,0,0,0.5,12.048,0,4.167,0,38.5
13460,1,0,0,0,0,0,0.5,12.046,0,4.167,0,38.5
13465,1,0.013,0.013,0,0,0,0.5,12.044,0,4.167,0,38.5
13470,1,0.166,0.166,0,0,0,0.502,12.042,0,4.154,0,38.654
13475,1,0,0,0,0,0,0.502,12.03,0,3.988,0,38.654
13480,1,0.136,0.136,0,0,0,0.504,12.027,0,3.988,0,38.808
13485,1,0.183,0.183,0,0,0,0.506,12.026,0,3.852,0,38.962
13490,1,0.081,0.081,0,0,0,0.507,12.026,0,3.669,0,39.039
13495,1,0,0,0,0,0,0.507,12.025,0,3.588,0,39.039
13500,1,0.198,0.198,0,0,0,0.51,12.024,0,3.588,0,39.27
13505,1,0.213,0.213,0,0,0,0.513,12.021,0,3.391,0,39.501
13510,1,0.164,0.164,0,0,0,0.515,12.019,0,3.178,0,39.655
13515,1,0.263,0.263,0,0,0,0.518,12.005,0,3.014,0,39.886
13520,1,0.176,0.176,0,0,0,0.521,12.006,0,2.751,0,40.117
13525,1,0.232,0.232,0,0,0,0.524,12.004,0,2.575,0,40.348
13530,1,0.244,0.244,0,0,0,0.527,12.002,0,2.343,0,40.579
13535,1,0.265,0.265,0,0,0,0.53,12,0,2.098,0,40.81
13540,1,0,0,0,0,0,0.53,11.999,0,1.834,0,40.81
13545,1,0.285,0.285,0,0,0,0.534,11.997,0,1.834,0,41.118
13550,1,0.019,0.019,0,0,0,0.534,11.996,0,1.549,0,41.118
13555,1,0.252,0.252,0,0,0,0.537,11.994,0,1.53,0,41.349
13560,1,0.274,0.274,0,0,0,0.541,11.992,0,1.278,0,41.657
13565,1,0.273,0.273,0,0,0,0.544,11.991,0,1.004,0,41.888
13570,1,0.292,0.292,0,0,0,0.548,11.989,0,0.731,0,42.196
13575,1,0.282,0.282,0,0,0,0.552,11.987,0,0.439,0,42.504
13580,1,0.157,0.157,0,0,0,0.554,11.985,0,0.157,0,42.658
13585,1,0,0,0,0,0,0.554,11.984,0,0,0,42.658
13590,1,0,0,0,0,0,0.554,11.982,0,0,0,42.658
13595,1,0,0,0,0,0,0.554,11.98,0,0,0,42.658
13600,1,0,0,0,0,0,0.554,11.978,0,0,0,42.658
13605,1,0,0,0,0,0,0.554,11.977,0,0,0,42.658
13610,1,0,0,0,0,0,0.554,11.975,0,0,0,42.658
13615,1,0,0,0,0,0,0.554,11.973,0,0,0,42.658
13620,1,0,0,0,0,0,0.554,11.971,0,0,0,42.658
13625,1,0,0,0,0,0,0.554,11.968,0,0,0,42.658
13630,1,0,0,0,0,0,0.554,11.966,0,0,0,42.658
13635,1,0,0,0,0,0,0.554,11.963,0,0,0,42.658
13640,1,0,0,0,0,0,0.554,11.96,0,0,0,42.658
13645,1,0,0,0,0,0,0.554,11.958,0,0,0,42.658
13650,1,0,0,0,0,0,0.554,11.955,0,0,0,42.658
13655,1,0,0,0,0,0,0.554,11.952,0,0,0,42.658
13660,1,0,0,0,0,0,0.554,11.95,0,0,0,42.658
13665,1,0,0,0,0,0,0.554,11.947,0,0,0,42.658
13670,1,0,0,0,0,0,0.554,11.945,0,0,0,42.658
13675,1,0,0,0,0,0,0.554,11.942,0,0,0,42.658
13680,1,0,0,0,0,0,0.554,11.948,0,0,0,42.658
13685,1,0,0,0,0,0,0.554,11.945,0,0,0,42.658
13690,1,0,0,0,0,0,0.554,11.941,0,0,0,42.658
13695,1,0,0,0,0,0,0.554,11.938,0,0,0,42.658
13700,1,0,0,0,0,0,0.554,11.942,0,0,0,42.658
13705,1,0,0,0,0,0,0.554,11.946,0,0,0,42.658
13710,1,0,0,0,0,0,0.554,11.95,0,0,0,42.658
13715,1,0,0,0,0,0,0.554,11.956,0,0,0,42.658
13720,1,0,0,0,0,0,0.554,11.96,0,0,0,42.658
13725,1,0,0,0,0,0,0.554,11.968,0,0,0,42.658
13730,1,0,0,0,0,0,0.554,11.976,0,0,0,42.658
13735,1,0,0,0,0,0,0.554,11.983,0,0,0,42.658
13740,1,0,0,0,0,0,0.554,11.976,0,0,0,42.658
13745,1,0,0,0,0,0,0.554,11.973,0,0,0,42.658
13750,1,0,0,0,0,0,0.554,11.969,0,0,0,42.658
13755,1,0,0,0,0,0,0.554,11.967,0,0,0,42.658
13760,1,0,0,0,0,0,0.554,11.962,0,0,0,42.658
13765,1,0,0,0,0,0,0.554,11.957,0,0,0,42.658
13770,1,0,0,0,0,0,0.554,11.954,0,0,0,42.658
13775,1,0,0,0,0,0,0.554,11.95,0,0,0,42.658
13780,1,0,0,0,0,0,0.554,11.946,0,0,0,42.658
13785,1,0,0,0,0,0,0.554,11.943,0,0,0,42.658
13790,1,0,0,0,0,0,0.554,11.94,0,0,0,42.658
13795,1,0,0,0,0,0,0.554,11.937,0,0,0,42.658
13800,1,0,0,0,0,0,0.554,11.935,0,0,0,42.658
13805,1,0,0,0,0,0,0.554,11.932,0,0,0,42.658
13810,1,0,0,0,0,0,0.554,11.924,0,0,0,42.658
13815,1,0,0,0,0,0,0.554,11.916,0,0,0,42.658
13820,1,0,0,0,0,0,0.554,11.905,0,0,0,42.658
13825,1,0,0,0,0,0,0.554,11.897,0,0,0,42.658
13830,1,0,0,0,0,0,0.554,11.887,0,0,0,42.658
13835,1,0,0,0,0,0,0.554,11.879,0,0,0,42.658
13840,1,0,0,0,0,0,0.554,11.872,0,0,0,42.658
13845,1,0,0,0,0,0,0.554,11.864,0,0,0,42.658
13850,0,0,0,0,0,0,0.547,11.857,0,0,0,42.119
13855,0,0,0,0,0,0,0.539,11.853,0,0,0,41.503
13860,0,0,0,0,0,0,0.532,11.847,0,0,0,40.964
13865,0,0,0,0,0,0,0.524,11.845,0,0,0,40.348
13870,0,0,0,0,0,0,0.517,11.851,0,0,0,39.809
13875,0,0,0,0,0,0,0.51,11.848,0,0,0,39.27
13880,0,0,0,0,0,0,0.502,11.852,0,0,0,38.654
13885,0,0,0,0,0,0,0.495,11.856,0,0,0,38.115
13890,0,0,0,0,0,0,0.487,11.852,0,0,0,37.499
13895,0,0,0,0,0,0,0.48,11.851,0,0,0,36.96
13900,0,0,0,0,0,0,0.473,11.85,0,0,0,36.421
13905,0,0,0,0,0,0,0.465,11.848,0,0,0,35.805
13910,0,0,0,0,0,0,0.458,11.844,0,0,0,35.266
13915,0,0,0,0,0,0,0.45,11.848,0,0,0,34.65
13920,0,0,0,0,0,0,0.443,11.851,0,0,0,34.111
13925,0,0,0,0,0,0,0.436,11.855,0,0,0,33.572
13930,0,0,0,0,0,0,0.428,11.858,0,0,0,32.956
13935,0,0,0,0,0,0,0.421,11.861,0,0,0,32.417
13940,0,0,0,0,0,0,0.413,11.859,0,0,0,31.801
13945,0,0,0,0,0,0,0.406,11.857,0,0,0,31.262
13950,0,0,0,0,0,0,0.399,11.856,0,0,0,30.723
13955,0,0,0,0,0,0,0.391,11.855,0,0,0,30.107
13960,0,0,0,0,0,0,0.384,11.856,0,0,0,29.568
13965,0,0,0,0,0,0,0.376,11.86,0,0,0,28.952
13970,0,0,0,0,0,0,0.369,11.864,0,0,0,28.413
13975,0,0,0,0,0,0,0.361,11.868,0,0,0,27.797
13980,0,0,0,0,0,0,0.354,11.871,0,0,0,27.258
13985,0,0,0,0,0,0,0.347,11.874,0,0,0,26.719
13990,0,0,0,0,0,0,0.339,11.875,0,0,0,26.103
13995,0,0,0,0,0,0,0.332,11.884,0,0,0,25.564
14000,0,0,0,0,0,0,0.324,11.882,0,0,0,24.948
14005,0,0,0,0,0,0,0.317,11.88,0,0,0,24.409
14010,0,0,0,0,0,0,0.31,11.878,0,0,0,23.87
14015,0,0,0,0,0,0,0.302,11.882,0,0,0,23.254
14020,0,0,0,0,0,0,0.295,11.882,0,0,0,22.715
14025,2,0.917,0,0,0.917,0,0.301,11.882,35.519,0,0,23.177
14030,2,0.917,0,0,0.917,0,0.313,11.883,34.602,0,0,24.101
14035,2,0.917,0,0,0.917,0,0.325,11.88,33.686,0,0,25.025
14040,2,0.917,0,0,0.917,0,0.337,11.876,32.769,0,0,25.949
14045,2,0.917,0,0,0.917,0,0.349,11.874,31.852,0,0,26.873
14050,2,0.917,0,0,0.917,0,0.361,11.871,30.936,0,0,27.797
14055,2,0.917,0,0,0.917,0,0.373,11.876,30.019,0,0,28.721
14060,2,0.917,0,0,0.917,0,0.385,11.88,29.102,0,0,29.645
14065,2,0.917,0,0,0.917,0,0.397,11.877,28.186,0,0,30.569
14070,2,0.917,0,0,0.917,0,0.409,11.875,27.269,0,0,31.493
14075,2,0.917,0,0,0.917,0,0.421,11.872,26.352,0,0,32.417
14080,2,0.917,0,0,0.917,0,0.432,11.87,25.436,0,0,33.264
14085,2,0.917,0,0,0.917,0,0.444,11.868,24.519,0,0,34.188
14090,2,0.917,0,0,0.917,0,0.456,11.866,23.602,0,0,35.112
14095,2,0.917,0,0,0.917,0,0.468,11.864,22.686,0,0,36.036
14100,3,1.411,0,0,0,1.411,0.486,11.861,0,0,1.411,37.422
14105,0,0,0,0,0,0,0.479,11.86,0,0,0,36.883
14110,0,0,0,0,0,0,0.472,11.859,0,0,0,36.344
14115,0,0,0,0,0,0,0.464,11.857,0,0,0,35.728
14120,0,0,0,0,0,0,0.457,11.856,0,0,0,35.189
14125,0,0,0,0,0,0,0.449,11.855,0,0,0,34.573
14130,0,0,0,0,0,0,0.442,11.853,0,0,0,34.034
14135,0,0,0,0,0,0,0.435,11.852,0,0,0,33.495
14140,0,0,0,0,0,0,0.427,11.851,0,0,0,32.879
14145,0,0,0,0,0,0,0.42,11.849,0,0,0,32.34
14150,0,0,0,0,0,0,0.412,11.848,0,0,0,31.724
14155,0,0,0,0,0,0,0.405,11.847,0,0,0,31.185
14160,0,0,0,0,0,0,0.398,11.845,0,0,0,30.646
14165,0,0,0,0,0,0,0.39,11.845,0,0,0,30.03
14170,0,0,0,0,0,0,0.383,11.844,0,0,0,29.491
14175,0,0,0,0,0,0,0.375,11.843,0,0,0,28.875
14180,0,0,0,0,0,0,0.368,11.842,0,0,0,28.336
14185,0,0,0,0,0,0,0.361,11.841,0,0,0,27.797
14190,0,0,0,0,0,0,0.353,11.841,0,0,0,27.181
14195,0,0,0,0,0,0,0.346,11.84,0,0,0,26.642
14200,0,0,0,0,0,0,0.338,11.839,0,0,0,26.026
14205,0,0,0,0,0,0,0.331,11.838,0,0,0,25.487
14210,0,0,0,0,0,0,0.324,11.838,0,0,0,24.948
14215,0,0,0,0,0,0,0.316,11.837,0,0,0,24.332
14220,0,0,0,0,0,0,0.309,11.836,0,0,0,23.793
14225,0,0,0,0,0,0,0.301,11.836,0,0,0,23.177
14230,0,0,0,0,0,0,0.294,11.836,0,0,0,22.638
14235,0,0,0,0,0,0,0.287,11.835,0,0,0,22.099
14240,0,0,0,0,0,0,0.279,11.835,0,0,0,21.483
14245,0,0,0,0,0,0,0.272,11.835,0,0,0,20.944
14250,0,0,0,0,0,0,0.264,11.834,0,0,0,20.328
14255,0,0,0,0,0,0,0.257,11.834,0,0,0,19.789
14260,0,0,0,0,0,0,0.25,11.834,0,0,0,19.25
14265,0,0,0,0,0,0,0.242,11.833,0,0,0,18.634
14270,0,0,0,0,0,0,0.235,11.833,0,0,0,18.095
14275,0,0,0,0,0,0,0.227,11.833,0,0,0,17.479
14280,1,0,0,0,0,0,0.222,11.833,0,20.358,0,17.094
14285,1,0,0,0,0,0,0.222,11.832,0,20.358,0,17.094
14290,1,0,0,0,0,0,0.222,11.832,0,20.358,0,17.094
14295,1,0,0,0,0,0,0.222,11.832,0,20.358,0,17.094
14300,1,0,0,0,0,0,0.222,11.831,0,20.358,0,17.094
14305,1,0,0,0,0,0,0.222,11.831,0,20.358,0,17.094
14310,1,0,0,0,0,0,0.222,11.831,0,20.358,0,17.094
14315,1,0,0,0,0,0,0.222,11.831,0,20.358,0,17.094
14320,1,0,0,0,0,0,0.222,11.83,0,20.358,0,17.094
14325,1,0,0,0,0,0,0.222,11.83,0,20.358,0,17.094
14330,1,0,0,0,0,0,0.222,11.83,0,20.358,0,17.094
14335,1,0,0,0,0,0,0.222,11.83,0,20.358,0,17.094
14340,1,0,0,0,0,0,0.222,11.829,0,20.358,0,17.094
14345,1,0,0,0,0,0,0.222,11.829,0,20.358,0,17.094
14350,1,0,0,0,0,0,0.222,11.829,0,20.358,0,17.094
14355,1,0,0,0,0,0,0.222,11.828,0,20.358,0,17.094
14360,1,0,0,0,0,0,0.222,11.828,0,20.358,0,17.094
14365,1,0,0,0,0,0,0.222,11.828,0,20.358,0,17.094
14370,1,0,0,0,0,0,0.222,11.827,0,20.358,0,17.094
14375,1,0,0,0,0,0,0.222,11.827,0,20.358,0,17.094
14380,1,0,0,0,0,0,0.222,11.827,0,20.358,0,17.094
14385,1,0,0,0,0,0,0.222,11.826,0,20.358,0,17.094
14390,1,0,0,0,0,0,0.222,11.826,0,20.358,0,17.094
14395,1,0,0,0,0,0,0.222,11.826,0,20.358,0,17.094
14400,1,0,0,0,0,0,0.222,11.825,0,20.358,0,17.094
14405,1,0,0,0,0,0,0.222,11.824,0,20.358,0,17.094
14410,1,0,0,0,0,0,0.222,11.823,0,20.358,0,17.094
14415,1,0,0,0,0,0,0.222,11.821,0,20.358,0,17.094
14420,1,0,0,0,0,0,0.222,11.82,0,20.358,0,17.094
14425,1,0,0,0,0,0,0.222,11.819,0,20.358,0,17.094
14430,1,0,0,0,0,0,0.222,11.817,0,20.358,0,17.094
14435,1,0,0,0,0,0,0.222,11.816,0,20.358,0,17.094
14440,1,0,0,0,0,0,0.222,11.815,0,20.358,0,17.094
14445,1,0,0,0,0,0,0.222,11.813,0,20.358,0,17.094
14450,1,0,0,0,0,0,0.222,11.812,0,20.358,0,17.094
14455,1,0,0,0,0,0,0.222,11.811,0,20.358,0,17.094
14460,1,0,0,0,0,0,0.222,11.809,0,20.358,0,17.094
14465,1,0,0,0,0,0,0.222,11.808,0,20.358,0,17.094
14470,1,0,0,0,0,0,0.222,11.807,0,20.358,0,17.094
14475,1,0,0,0,0,0,0.222,11.806,0,20.358,0,17.094
14480,1,0,0,0,0,0,0.222,11.804,0,20.358,0,17.094
14485,1,0,0,0,0,0,0.222,11.803,0,20.358,0,17.094
14490,1,0,0,0,0,0,0.222,11.802,0,20.358,0,17.094
14495,1,0,0,0,0,0,0.222,11.8,0,20.358,0,17.094
14500,1,0,0,0,0,0,0.222,11.799,0,20.358,0,17.094
14505,1,0,0,0,0,0,0.222,11.798,0,20.358,0,17.094
14510,1,0,0,0,0,0,0.222,11.796,0,20.358,0,17.094
14515,1,0,0,0,0,0,0.222,11.795,0,20.358,0,17.094
14520,1,0,0,0,0,0,0.222,11.794,0,20.358,0,17.094
14525,1,0,0,0,0,0,0.222,11.793,0,20.358,0,17.094
14530,1,0,0,0,0,0,0.222,11.792,0,20.358,0,17.094
14535,1,0,0,0,0,0,0.222,11.791,0,20.358,0,17.094
14540,1,0,0,0,0,0,0.222,11.79,0,20.358,0,17.094
14545,1,0,0,0,0,0,0.222,11.789,0,20.358,0,17.094
14550,1,0,0,0,0,0,0.222,11.788,0,20.358,0,17.094
14555,1,0,0,0,0,0,0.222,11.787,0,20.358,0,17.094
14560,1,0,0,0,0,0,0.222,11.786,0,20.358,0,17.094
14565,1,0,0,0,0,0,0.222,11.785,0,20.358,0,17.094
14570,1,0,0,0,0,0,0.222,11.784,0,20.358,0,17.094
14575,1,0,0,0,0,0,0.222,11.783,0,20.358,0,17.094
14580,1,0,0,0,0,0,0.222,11.782,0,20.358,0,17.094
14585,1,0,0,0,0,0,0.222,11.781,0,20.358,0,17.094
14590,1,0,0,0,0,0,0.222,11.78,0,20.358,0,17.094
14595,1,0,0,0,0,0,0.222,11.779,0,20.358,0,17.094
14600,1,0,0,0,0,0,0.222,11.779,0,20.358,0,17.094
14605,1,0,0,0,0,0,0.222,11.778,0,20.358,0,17.094
14610,1,0,0,0,0,0,0.222,11.777,0,20.358,0,17.094
14615,1,0,0,0,0,0,0.222,11.776,0,20.358,0,17.094
14620,1,0,0,0,0,0,0.222,11.775,0,20.358,0,17.094
14625,1,0,0,0,0,0,0.222,11.775,0,20.358,0,17.094
14630,1,0,0,0,0,0,0.222,11.774,0,20.358,0,17.094
14635,1,0,0,0,0,0,0.222,11.773,0,20.358,0,17.094
14640,1,0,0,0,0,0,0.222,11.772,0,20.358,0,17.094
14645,1,0,0,0,0,0,0.222,11.772,0,20.358,0,17.094
14650,1,0,0,0,0,0,0.222,11.771,0,20.358,0,17.094
14655,1,0,0,0,0,0,0.222,11.77,0,20.358,0,17.094
14660,1,0,0,0,0,0,0.222,11.77,0,20.358,0,17.094
14665,1,0,0,0,0,0,0.222,11.769,0,20.358,0,17.094
14670,1,0,0,0,0,0,0.222,11.769,0,20.358,0,17.094
14675,1,0,0,0,0,0,0.222,11.768,0,20.358,0,17.094
14680,1,0,0,0,0,0,0.222,11.767,0,20.358,0,17.094
14685,1,0,0,0,0,0,0.222,11.767,0,20.358,0,17.094
14690,1,0,0,0,0,0,0.222,11.766,0,20.358,0,17.094
14695,1,0,0,0,0,0,0.222,11.765,0,20.358,0,17.094
14700,1,0,0,0,0,0,0.222,11.765,0,20.358,0,17.094
14705,1,0,0,0,0,0,0.222,11.764,0,20.358,0,17.094
14710,1,0,0,0,0,0,0.222,11.764,0,20.358,0,17.094
14715,1,0,0,0,0,0,0.222,11.764,0,20.358,0,17.094
14720,1,0,0,0,0,0,0.222,11.763,0,20.358,0,17.094
14725,1,0,0,0,0,0,0.222,11.763,0,20.358,0,17.094
14730,1,0,0,0,0,0,0.222,11.763,0,20.358,0,17.094
14735,1,0,0,0,0,0,0.222,11.762,0,20.358,0,17.094
14740,1,0,0,0,0,0,0.222,11.762,0,20.358,0,17.094
14745,1,0,0,0,0,0,0.222,11.762,0,20.358,0,17.094
14750,1,0,0,0,0,0,0.222,11.761,0,20.358,0,17.094
14755,1,0,0,0,0,0,0.222,11.761,0,20.358,0,17.094
14760,1,0,0,0,0,0,0.222,11.76,0,20.358,0,17.094
14765,1,0,0,0,0,0,0.222,11.76,0,20.358,0,17.094
14770,1,0.017,0.017,0,0,0,0.222,11.76,0,20.358,0,17.094
14775,1,0,0,0,0,0,0.222,11.76,0,20.341,0,17.094
14780,1,0.008,0.008,0,0,0,0.222,11.76,0,20.341,0,17.094
14785,1,0,0,0,0,0,0.222,11.76,0,20.333,0,17.094
14790,1,0,0,0,0,0,0.222,11.76,0,20.333,0,17.094
14795,1,0.039,0.039,0,0,0,0.223,11.759,0,20.333,0,17.171
14800,1,0.003,0.003,0,0,0,0.223,11.759,0,20.294,0,17.171
14805,1,0.013,0.013,0,0,0,0.223,11.759,0,20.29,0,17.171
14810,1,0.044,0.044,0,0,0,0.224,11.753,0,20.277,0,17.248
14815,1,0.019,0.019,0,0,0,0.224,11.752,0,20.233,0,17.248
14820,1,0.03,0.03,0,0,0,0.224,11.752,0,20.214,0,17.248
14825,1,0.041,0.041,0,0,0,0.225,11.751,0,20.184,0,17.325
14830,1,0.028,0.028,0,0,0,0.225,11.751,0,20.143,0,17.325
14835,1,0.017,0.017,0,0,0,0.225,11.75,0,20.114,0,17.325
14840,1,0.047,0.047,0,0,0,0.226,11.745,0,20.097,0,17.402
14845,1,0.002,0.002,0,0,0,0.226,11.745,0,20.05,0,17.402
14850,1,0.023,0.023,0,0,0,0.226,11.744,0,20.048,0,17.402
14855,1,0.008,0.008,0,0,0,0.227,11.743,0,20.026,0,17.479
14860,1,0.066,0.066,0,0,0,0.227,11.743,0,20.017,0,17.479
14865,1,0.094,0.094,0,0,0,0.229,11.742,0,19.952,0,17.633
14870,1,0.105,0.105,0,0,0,0.23,11.74,0,19.858,0,17.71
14875,1,0.111,0.111,0,0,0,0.231,11.74,0,19.753,0,17.787
14880,1,0.157,0.157,0,0,0,0.233,11.739,0,19.642,0,17.941
14885,1,0.139,0.139,0,0,0,0.235,11.738,0,19.485,0,18.095
14890,1,0.057,0.057,0,0,0,0.236,11.736,0,19.346,0,18.172
14895,1,0.007,0.007,0,0,0,0.236,11.735,0,19.29,0,18.172
14900,1,0.127,0.127,0,0,0,0.238,11.733,0,19.283,0,18.326
14905,1,0.159,0.159,0,0,0,0.24,11.732,0,19.156,0,18.48
14910,1,0.022,0.022,0,0,0,0.24,11.731,0,18.996,0,18.48
14915,1,0.066,0.066,0,0,0,0.241,11.73,0,18.974,0,18.557
14920,1,0.109,0.109,0,0,0,0.242,11.729,0,18.908,0,18.634
14925,1,0.001,0.001,0,0,0,0.242,11.728,0,18.799,0,18.634
14930,1,0,0,0,0,0,0.242,11.727,0,18.798,0,18.634
14935,1,0.187,0.187,0,0,0,0.245,11.726,0,18.798,0,18.865
14940,1,0.208,0.208,0,0,0,0.247,11.725,0,18.611,0,19.019
14945,1,0.213,0.213,0,0,0,0.25,11.723,0,18.403,0,19.25
14950,1,0,0,0,0,0,0.25,11.722,0,18.19,0,19.25
14955,1,0.202,0.202,0,0,0,0.253,11.721,0,18.19,0,19.481
14960,1,0.126,0.126,0,0,0,0.254,11.72,0,17.988,0,19.558
14965,1,0.015,0.015,0,0,0,0.255,11.718,0,17.862,0,19.635
14970,1,0.263,0.263,0,0,0,0.258,11.715,0,17.847,0,19.866
14975,1,0,0,0,0,0,0.258,11.714,0,17.584,0,19.866
14980,1,0.007,0.007,0,0,0,0.258,11.713,0,17.584,0,19.866
14985,1,0.056,0.056,0,0,0,0.259,11.712,0,17.577,0,19.943
14990,1,0.266,0.266,0,0,0,0.262,11.711,0,17.521,0,20.174
14995,1,0.266,0.266,0,0,0,0.266,11.709,0,17.256,0,20.482
15000,1,0.19,0.19,0,0,0,0.268,11.704,0,16.99,0,20.636
15005,1,0.268,0.268,0,0,0,0.272,11.703,0,16.8,0,20.944
15010,1,0.11,0.11,0,0,0,0.273,11.703,0,16.532,0,21.021
15015,1,0.065,0.065,0,0,0,0.274,11.716,0,16.422,0,21.098
15020,1,0.136,0.136,0,0,0,0.276,11.719,0,16.357,0,21.252
15025,1,0.162,0.162,0,0,0,0.278,11.719,0,16.221,0,21.406
15030,1,0,0,0,0,0,0.278,11.717,0,16.059,0,21.406
15035,1,0.272,0.272,0,0,0,0.281,11.717,0,16.059,0,21.637
15040,1,0.206,0.206,0,0,0,0.284,11.716,0,15.787,0,21.868
15045,1,0.323,0.323,0,0,0,0.288,11.711,0,15.581,0,22.176
15050,1,0.058,0.058,0,0,0,0.289,11.71,0,15.258,0,22.253
15055,1,0.042,0.042,0,0,0,0.29,11.709,0,15.2,0,22.33
15060,1,0.282,0.282,0,0,0,0.293,11.709,0,15.158,0,22.561
15065,1,0.188,0.188,0,0,0,0.296,11.708,0,14.876,0,22.792
15070,1,0.207,0.207,0,0,0,0.298,11.708,0,14.688,0,22.946
15075,1,0.304,0.304,0,0,0,0.302,11.714,0,14.481,0,23.254
15080,1,0.253,0.253,0,0,0,0.306,11.723,0,14.177,0,23.562
15085,1,0.355,0.355,0,0,0,0.31,11.724,0,13.924,0,23.87
15090,1,0.259,0.259,0,0,0,0.314,11.726,0,13.569,0,24.178
15095,1,0.917,0.232,0.685,0,0,0.326,11.734,0,13.31,0,25.102
15100,1,0.917,0.045,0.871,0,0,0.337,11.75,0,12.393,0,25.949
15105,1,0.917,0.31,0.607,0,0,0.349,11.76,0,11.476,0,26.873
15110,1,0.917,0.133,0.784,0,0,0.361,11.769,0,10.56,0,27.797
15115,1,0.917,0.303,0.614,0,0,0.373,11.767,0,9.643,0,28.721
15120,1,0.917,0.201,0.716,0,0,0.385,11.778,0,8.726,0,29.645
15125,1,0.917,0.338,0.579,0,0,0.397,11.84,0,7.81,0,30.569
15130,1,0.917,0.316,0.601,0,0,0.409,11.848,0,6.893,0,31.493
15135,1,0.917,0.28,0.637,0,0,0.421,11.855,0,5.976,0,32.417
15140,1,0.917,0.265,0.652,0,0,0.433,11.857,0,5.06,0,33.341
15145,1,0.917,0.347,0.57,0,0,0.445,11.859,0,4.143,0,34.265
15150,1,0.917,0.192,0.725,0,0,0.456,11.861,0,3.226,0,35.112
15155,1,0.917,0.265,0.651,0,0,0.468,11.871,0,2.31,0,36.036
15160,1,0.917,0.318,0.598,0,0,0.48,11.884,0,1.393,0,36.96
15165,1,0.476,0.237,0.239,0,0,0.486,11.895,0,0.476,0,37.422
15170,3,0,0,0,0,0,0.486,11.903,0,0,0,37.422
15175,0,0,0,0,0,0,0.479,11.914,0,0,0,36.883
15180,0,0,0,0,0,0,0.472,11.923,0,0,0,36.344
15185,0,0,0,0,0,0,0.464,11.933,0,0,0,35.728
15190,0,0,0,0,0,0,0.457,11.942,0,0,0,35.189
15195,0,0,0,0,0,0,0.449,11.95,0,0,0,34.573
15200,0,0,0,0,0,0,0.442,11.961,0,0,0,34.034
15205,0,0,0,0,0,0,0.435,11.962,0,0,0,33.495
15210,0,0,0,0,0,0,0.427,11.966,0,0,0,32.879
15215,0,0,0,0,0,0,0.42,11.972,0,0,0,32.34
15220,0,0,0,0,0,0,0.412,11.976,0,0,0,31.724
15225,0,0,0,0,0,0,0.405,11.981,0,0,0,31.185
15230,0,0,0,0,0,0,0.398,11.985,0,0,0,30.646
15235,0,0,0,0,0,0,0.39,11.992,0,0,0,30.03
15240,0,0,0,0,0,0,0.383,11.99,0,0,0,29.491
15245,0,0,0,0,0,0,0.375,12.001,0,0,0,28.875
15250,0,0,0,0,0,0,0.368,12.015,0,0,0,28.336
15255,0,0,0,0,0,0,0.361,12.023,0,0,0,27.797
15260,0,0,0,0,0,0,0.353,12.031,0,0,0,27.181
15265,0,0,0,0,0,0,0.346,12.039,0,0,0,26.642
15270,0,0,0,0,0,0,0.338,12.046,0,0,0,26.026
15275,0,0,0,0,0,0,0.331,12.056,0,0,0,25.487
15280,0,0,0,0,0,0,0.324,12.09,0,0,0,24.948
15285,0,0,0,0,0,0,0.316,12.095,0,0,0,24.332
15290,0,0,0,0,0,0,0.309,12.101,0,0,0,23.793
15295,0,0,0,0,0,0,0.301,12.105,0,0,0,23.177
15300,0,0,0,0,0,0,0.294,12.113,0,0,0,22.638
15305,0,0,0,0,0,0,0.287,12.123,0,0,0,22.099
15310,0,0,0,0,0,0,0.279,12.132,0,0,0,21.483
15315,0,0,0,0,0,0,0.272,12.149,0,0,0,20.944
15320,0,0,0,0,0,0,0.264,12.123,0,0,0,20.328
15325,0,0,0,0,0,0,0.257,12.102,0,0,0,19.789
15330,0,0,0,0,0,0,0.25,12.083,0,0,0,19.25
15335,0,0,0,0,0,0,0.242,12.059,0,0,0,18.634
15340,0,0,0,0,0,0,0.235,12.071,0,0,0,18.095
15345,0,0,0,0,0,0,0.227,12.045,0,0,0,17.479
15350,2,0.917,0,0,0.917,0,0.234,12.027,40.716,0,0,18.018
15355,2,0.917,0,0,0.917,0,0.246,12.025,39.799,0,0,18.942
15360,2,0.917,0,0,0.917,0,0.258,12.024,38.883,0,0,19.866
15365,2,0.917,0,0,0.917,0,0.27,12.015,37.966,0,0,20.79
15370,2,0.917,0,0,0.917,0,0.282,12.022,37.049,0,0,21.714
15375,2,0.917,0,0,0.917,0,0.294,12.029,36.133,0,0,22.638
15380,2,0.917,0,0,0.917,0,0.305,12.037,35.216,0,0,23.485
15385,2,0.917,0,0,0.917,0,0.317,12.044,34.299,0,0,24.409
15390,2,0.917,0,0,0.917,0,0.329,12.049,33.383,0,0,25.333
15395,2,0.917,0,0,0.917,0,0.341,12.054,32.466,0,0,26.257
15400,2,0.917,0,0,0.917,0,0.353,12.068,31.549,0,0,27.181
15405,2,0.917,0,0,0.917,0,0.365,12.071,30.633,0,0,28.105
15410,2,0.917,0,0,0.917,0,0.377,12.074,29.716,0,0,29.029
15415,2,0.917,0,0,0.917,0,0.389,12.077,28.799,0,0,29.953
15420,3,4.167,0,0,0,4.167,0.443,12.08,0,0,7.525,34.111
15425,3,3.358,0,0,0,3.358,0.486,12.084,0,0,3.358,37.422
15430,0,0,0,0,0,0,0.479,12.095,0,0,0,36.883
15435,0,0,0,0,0,0,0.472,12.102,0,0,0,36.344
15440,0,0,0,0,0,0,0.464,12.119,0,0,0,35.728
15445,0,0,0,0,0,0,0.457,12.132,0,0,0,35.189
15450,0,0,0,0,0,0,0.449,12.145,0,0,0,34.573
15455,0,0,0,0,0,0,0.442,12.151,0,0,0,34.034
15460,0,0,0,0,0,0,0.435,12.16,0,0,0,33.495
15465,0,0,0,0,0,0,0.427,12.168,0,0,0,32.879
15470,0,0,0,0,0,0,0.42,12.171,0,0,0,32.34
15475,0,0,0,0,0,0,0.412,12.187,0,0,0,31.724
15480,0,0,0,0,0,0,0.405,12.177,0,0,0,31.185
15485,0,0,0,0,0,0,0.398,12.166,0,0,0,30.646
15490,0,0,0,0,0,0,0.39,12.168,0,0,0,30.03
15495,0,0,0,0,0,0,0.383,12.162,0,0,0,29.491
15500,0,0,0,0,0,0,0.375,12.167,0,0,0,28.875
15505,0,0,0,0,0,0,0.368,12.171,0,0,0,28.336
15510,0,0,0,0,0,0,0.361,12.174,0,0,0,27.797
15515,0,0,0,0,0,0,0.353,12.177,0,0,0,27.181
15520,0,0,0,0,0,0,0.346,12.18,0,0,0,26.642
15525,0,0,0,0,0,0,0.338,12.183,0,0,0,26.026
15530,0,0,0,0,0,0,0.331,12.186,0,0,0,25.487
15535,0,0,0,0,0,0,0.324,12.189,0,0,0,24.948
15540,0,0,0,0,0,0,0.316,12.192,0,0,0,24.332
15545,0,0,0,0,0,0,0.309,12.195,0,0,0,23.793
15550,0,0,0,0,0,0,0.301,12.198,0,0,0,23.177
15555,0,0,0,0,0,0,0.294,12.202,0,0,0,22.638
15560,0,0,0,0,0,0,0.287,12.205,0,0,0,22.099
15565,0,0,0,0,0,0,0.279,12.208,0,0,0,21.483
15570,0,0,0,0,0,0,0.272,12.211,0,0,0,20.944
15575,0,0,0,0,0,0,0.264,12.214,0,0,0,20.328
15580,0,0,0,0,0,0,0.257,12.217,0,0,0,19.789
15585,0,0,0,0,0,0,0.25,12.22,0,0,0,19.25
15590,0,0,0,0,0,0,0.242,12.223,0,0,0,18.634
15595,0,0,0,0,0,0,0.235,12.226,0,0,0,18.095
15600,0,0,0,0,0,0,0.227,12.229,0,0,0,17.479
15605,1,0,0,0,0,0,0.222,12.232,0,20.358,0,17.094
15610,1,0,0,0,0,0,0.222,12.234,0,20.358,0,17.094
15615,1,0,0,0,0,0,0.222,12.237,0,20.358,0,17.094
15620,1,0,0,0,0,0,0.222,12.239,0,20.358,0,17.094
15625,1,0,0,0,0,0,0.222,12.242,0,20.358,0,17.094
15630,1,0,0,0,0,0,0.222,12.244,0,20.358,0,17.094
15635,1,0,0,0,0,0,0.222,12.247,0,20.358,0,17.094
15640,1,0,0,0,0,0,0.222,12.249,0,20.358,0,17.094
15645,1,0,0,0,0,0,0.222,12.252,0,20.358,0,17.094
15650,1,0,0,0,0,0,0.222,12.254,0,20.358,0,17.094
15655,1,0,0,0,0,0,0.222,12.257,0,20.358,0,17.094
15660,1,0,0,0,0,0,0.222,12.259,0,20.358,0,17.094
15665,1,0,0,0,0,0,0.222,12.26,0,20.358,0,17.094
15670,1,0,0,0,0,0,0.222,12.261,0,20.358,0,17.094
15675,1,0,0,0,0,0,0.222,12.262,0,20.358,0,17.094
15680,1,0,0,0,0,0,0.222,12.262,0,20.358,0,17.094
15685,1,0,0,0,0,0,0.222,12.263,0,20.358,0,17.094
15690,1,0,0,0,0,0,0.222,12.264,0,20.358,0,17.094
15695,1,0,0,0,0,0,0.222,12.265,0,20.358,0,17.094
15700,1,0,0,0,0,0,0.222,12.266,0,20.358,0,17.094
15705,1,0,0,0,0,0,0.222,12.266,0,20.358,0,17.094
15710,1,0,0,0,0,0,0.222,12.267,0,20.358,0,17.094
15715,1,0,0,0,0,0,0.222,12.268,0,20.358,0,17.094
15720,1,0,0,0,0,0,0.222,12.269,0,20.358,0,17.094
15725,1,0,0,0,0,0,0.222,12.269,0,20.358,0,17.094
15730,1,0,0,0,0,0,0.222,12.27,0,20.358,0,17.094
15735,1,0,0,0,0,0,0.222,12.27,0,20.358,0,17.094
15740,1,0,0,0,0,0,0.222,12.27,0,20.358,0,17.094
15745,1,0,0,0,0,0,0.222,12.271,0,20.358,0,17.094
15750,1,0,0,0,0,0,0.222,12.271,0,20.358,0,17.094
15755,1,0,0,0,0,0,0.222,12.271,0,20.358,0,17.094
15760,1,0,0,0,0,0,0.222,12.272,0,20.358,0,17.094
15765,1,0,0,0,0,0,0.222,12.272,0,20.358,0,17.094
15770,1,0,0,0,0,0,0.222,12.272,0,20.358,0,17.094
15775,1,0,0,0,0,0,0.222,12.273,0,20.358,0,17.094
15780,1,0,0,0,0,0,0.222,12.273,0,20.358,0,17.094
15785,1,0,0,0,0,0,0.222,12.273,0,20.358,0,17.094
15790,1,0,0,0,0,0,0.222,12.273,0,20.358,0,17.094
15795,1,0,0,0,0,0,0.222,12.274,0,20.358,0,17.094
15800,1,0,0,0,0,0,0.222,12.274,0,20.358,0,17.094
15805,1,0,0,0,0,0,0.222,12.274,0,20.358,0,17.094
15810,1,0,0,0,0,0,0.222,12.274,0,20.358,0,17.094
15815,1,0,0,0,0,0,0.222,12.274,0,20.358,0,17.094
15820,1,0,0,0,0,0,0.222,12.274,0,20.358,0,17.094
15825,1,0,0,0,0,0,0.222,12.274,0,20.358,0,17.094
15830,1,0,0,0,0,0,0.222,12.274,0,20.358,0,17.094
15835,1,0,0,0,0,0,0.222,12.275,0,20.358,0,17.094
15840,1,0,0,0,0,0,0.222,12.275,0,20.358,0,17.094
15845,1,0,0,0,0,0,0.222,12.275,0,20.358,0,17.094
15850,1,0,0,0,0,0,0.222,12.276,0,20.358,0,17.094
15855,1,0,0,0,0,0,0.222,12.276,0,20.358,0,17.094
15860,1,0,0,0,0,0,0.222,12.277,0,20.358,0,17.094
15865,1,0,0,0,0,0,0.222,12.278,0,20.358,0,17.094
15870,1,0,0,0,0,0,0.222,12.278,0,20.358,0,17.094
15875,1,0,0,0,0,0,0.222,12.279,0,20.358,0,17.094
15880,1,0,0,0,0,0,0.222,12.279,0,20.358,0,17.094
15885,1,0,0,0,0,0,0.222,12.28,0,20.358,0,17.094
15890,1,0,0,0,0,0,0.222,12.28,0,20.358,0,17.094
15895,1,0,0,0,0,0,0.222,12.281,0,20.358,0,17.094
15900,1,0,0,0,0,0,0.222,12.282,0,20.358,0,17.094
15905,1,0,0,0,0,0,0.222,12.282,0,20.358,0,17.094
15910,1,0,0,0,0,0,0.222,12.283,0,20.358,0,17.094
15915,1,0,0,0,0,0,0.222,12.284,0,20.358,0,17.094
15920,1,0,0,0,0,0,0.222,12.285,0,20.358,0,17.094
15925,1,0,0,0,0,0,0.222,12.286,0,20.358,0,17.094
15930,1,0,0,0,0,0,0.222,12.287,0,20.358,0,17.094
15935,1,0,0,0,0,0,0.222,12.288,0,20.358,0,17.094
15940,1,0,0,0,0,0,0.222,12.289,0,20.358,0,17.094
15945,1,0,0,0,0,0,0.222,12.289,0,20.358,0,17.094
15950,1,0,0,0,0,0,0.222,12.29,0,20.358,0,17.094
15955,1,0,0,0,0,0,0.222,12.291,0,20.358,0,17.094
15960,1,0,0,0,0,0,0.222,12.292,0,20.358,0,17.094
15965,1,0,0,0,0,0,0.222,12.293,0,20.358,0,17.094
15970,1,0,0,0,0,0,0.222,12.294,0,20.358,0,17.094
15975,1,0,0,0,0,0,0.222,12.295,0,20.358,0,17.094
15980,1,0,0,0,0,0,0.222,12.296,0,20.358,0,17.094
15985,1,0,0,0,0,0,0.222,12.297,0,20.358,0,17.094
15990,1,0,0,0,0,0,0.222,12.298,0,20.358,0,17.094
15995,1,0,0,0,0,0,0.222,12.299,0,20.358,0,17.094
16000,1,0,0,0,0,0,0.222,12.299,0,20.358,0,17.094
16005,1,0,0,0,0,0,0.222,12.3,0,20.358,0,17.094
16010,1,0,0,0,0,0,0.222,12.301,0,20.358,0,17.094
16015,1,0,0,0,0,0,0.222,12.302,0,20.358,0,17.094
16020,1,0,0,0,0,0,0.222,12.303,0,20.358,0,17.094
16025,1,0,0,0,0,0,0.222,12.304,0,20.358,0,17.094
16030,1,0,0,0,0,0,0.222,12.304,0,20.358,0,17.094
16035,1,0,0,0,0,0,0.222,12.305,0,20.358,0,17.094
16040,1,0,0,0,0,0,0.222,12.305,0,20.358,0,17.094
16045,1,0,0,0,0,0,0.222,12.306,0,20.358,0,17.094
16050,1,0,0,0,0,0,0.222,12.307,0,20.358,0,17.094
16055,1,0,0,0,0,0,0.222,12.307,0,20.358,0,17.094
16060,1,0,0,0,0,0,0.222,12.308,0,20.358,0,17.094
16065,1,0,0,0,0,0,0.222,12.308,0,20.358,0,17.094
16070,1,0,0,0,0,0,0.222,12.309,0,20.358,0,17.094
16075,1,0,0,0,0,0,0.222,12.31,0,20.358,0,17.094
16080,1,0,0,0,0,0,0.222,12.31,0,20.358,0,17.094
16085,1,0,0,0,0,0,0.222,12.311,0,20.358,0,17.094
16090,1,0,0,0,0,0,0.222,12.312,0,20.358,0,17.094
16095,1,0,0,0,0,0,0.222,12.314,0,20.358,0,17.094
16100,1,0,0,0,0,0,0.222,12.315,0,20.358,0,17.094
16105,1,0,0,0,0,0,0.222,12.316,0,20.358,0,17.094
16110,1,0,0,0,0,0,0.222,12.317,0,20.358,0,17.094
16115,1,0,0,0,0,0,0.222,12.318,0,20.358,0,17.094
16120,1,0,0,0,0,0,0.222,12.319,0,20.358,0,17.094
16125,1,0,0,0,0,0,0.222,12.32,0,20.358,0,17.094
16130,1,0,0,0,0,0,0.222,12.322,0,20.358,0,17.094
16135,1,0,0,0,0,0,0.222,12.323,0,20.358,0,17.094
16140,1,0,0,0,0,0,0.222,12.324,0,20.358,0,17.094
16145,1,0,0,0,0,0,0.222,12.327,0,20.358,0,17.094
16150,1,0,0,0,0,0,0.222,12.329,0,20.358,0,17.094
16155,1,0,0,0,0,0,0.222,12.332,0,20.358,0,17.094
16160,1,0,0,0,0,0,0.222,12.335,0,20.358,0,17.094
16165,1,0,0,0,0,0,0.222,12.338,0,20.358,0,17.094
16170,1,0,0,0,0,0,0.222,12.34,0,20.358,0,17.094
16175,1,0,0,0,0,0,0.222,12.343,0,20.358,0,17.094
16180,1,0.001,0.001,0,0,0,0.222,12.346,0,20.358,0,17.094
16185,1,0,0,0,0,0,0.222,12.349,0,20.357,0,17.094
16190,1,0.004,0.004,0,0,0,0.222,12.352,0,20.357,0,17.094
16195,1,0,0,0,0,0,0.222,12.355,0,20.353,0,17.094
16200,1,0,0,0,0,0,0.222,12.357,0,20.353,0,17.094
16205,1,0,0,0,0,0,0.222,12.362,0,20.353,0,17.094
16210,1,0,0,0,0,0,0.222,12.365,0,20.353,0,17.094
16215,1,0.004,0.004,0,0,0,0.222,12.369,0,20.353,0,17.094
16220,1,0,0,0,0,0,0.222,12.373,0,20.348,0,17.094
16225,1,0,0,0,0,0,0.222,12.377,0,20.348,0,17.094
16230,1,0.006,0.006,0,0,0,0.222,12.381,0,20.348,0,17.094
16235,1,0.031,0.031,0,0,0,0.223,12.385,0,20.342,0,17.171
16240,1,0,0,0,0,0,0.223,12.39,0,20.311,0,17.171
16245,1,0.02,0.02,0,0,0,0.223,12.394,0,20.311,0,17.171
16250,1,0,0,0,0,0,0.223,12.398,0,20.291,0,17.171
16255,1,0.015,0.015,0,0,0,0.223,12.404,0,20.291,0,17.171
16260,1,0,0,0,0,0,0.223,12.408,0,20.276,0,17.171
16265,1,0,0,0,0,0,0.223,12.41,0,20.276,0,17.171
16270,1,0.038,0.038,0,0,0,0.224,12.415,0,20.276,0,17.248
16275,1,0.025,0.025,0,0,0,0.224,12.418,0,20.238,0,17.248
16280,1,0.059,0.059,0,0,0,0.225,12.424,0,20.213,0,17.325
16285,1,0,0,0,0,0,0.225,12.431,0,20.154,0,17.325
16290,1,0.065,0.065,0,0,0,0.226,12.432,0,20.154,0,17.402
16295,1,0.095,0.095,0,0,0,0.227,12.437,0,20.089,0,17.479
16300,1,0,0,0,0,0,0.227,12.443,0,19.994,0,17.479
16305,1,0.002,0.002,0,0,0,0.227,12.447,0,19.994,0,17.479
16310,1,0.006,0.006,0,0,0,0.227,12.45,0,19.992,0,17.479
16315,1,0.091,0.091,0,0,0,0.228,12.454,0,19.985,0,17.556
16320,1,0.008,0.008,0,0,0,0.228,12.458,0,19.894,0,17.556
16325,1,0.129,0.129,0,0,0,0.23,12.456,0,19.886,0,17.71
16330,1,0.087,0.087,0,0,0,0.231,12.456,0,19.756,0,17.787
16335,1,0.025,0.025,0,0,0,0.231,12.457,0,19.669,0,17.787
16340,1,0.128,0.128,0,0,0,0.233,12.458,0,19.644,0,17.941
16345,1,0.039,0.039,0,0,0,0.234,12.459,0,19.517,0,18.018
16350,1,0.064,0.064,0,0,0,0.234,12.46,0,19.478,0,18.018
16355,1,0.006,0.006,0,0,0,0.234,12.462,0,19.414,0,18.018
16360,1,0.001,0.001,0,0,0,0.234,12.461,0,19.408,0,18.018
16365,1,0.075,0.075,0,0,0,0.235,12.461,0,19.407,0,18.095
16370,1,0.022,0.022,0,0,0,0.236,12.461,0,19.332,0,18.172
16375,1,0.149,0.149,0,0,0,0.238,12.463,0,19.31,0,18.326
16380,1,0.074,0.074,0,0,0,0.239,12.465,0,19.161,0,18.403
16385,1,0.917,0.067,0.849,0,0,0.25,12.464,0,19.087,0,19.25
16390,1,0.917,0,0.917,0,0,0.262,12.463,0,18.171,0,20.174
16395,1,0.917,0,0.917,0,0,0.274,12.474,0,17.254,0,21.098
16400,1,0.917,0.22,0.697,0,0,0.286,12.476,0,16.337,0,22.022
16405,1,0.917,0.263,0.653,0,0,0.298,12.476,0,15.421,0,22.946
16410,1,0.917,0.256,0.661,0,0,0.31,12.483,0,14.504,0,23.87
16415,1,0.917,0.066,0.85,0,0,0.322,12.493,0,13.587,0,24.794
16420,1,0.917,0.123,0.794,0,0,0.334,12.488,0,12.671,0,25.718
16425,1,0.917,0.088,0.829,0,0,0.346,12.498,0,11.754,0,26.642
16430,1,0.917,0.269,0.648,0,0,0.358,12.525,0,10.837,0,27.566
16435,1,0.917,0.252,0.664,0,0,0.37,12.541,0,9.921,0,28.49
16440,1,0.917,0.287,0.629,0,0,0.381,12.541,0,9.004,0,29.337
16445,1,0.917,0.032,0.885,0,0,0.393,12.541,0,8.087,0,30.261
16450,1,0.917,0.088,0.829,0,0,0.405,12.553,0,7.171,0,31.185
16455,1,0.917,0.154,0.762,0,0,0.417,12.557,0,6.254,0,32.109
16460,1,0.917,0.078,0.838,0,0,0.429,12.573,0,5.337,0,33.033
16465,1,0.917,0.095,0.821,0,0,0.441,12.578,0,4.421,0,33.957
16470,1,0.917,0.05,0.867,0,0,0.453,12.581,0,3.504,0,34.881
16475,1,0.917,0.284,0.633,0,0,0.465,12.58,0,2.587,0,35.805
16480,1,0.917,0.272,0.645,0,0,0.477,12.576,0,1.671,0,36.729
16485,1,0.754,0,0.754,0,0,0.486,12.58,0,0.754,0,37.422
16490,0,0,0,0,0,0,0.479,12.576,0,0,0,36.883
16495,0,0,0,0,0,0,0.472,12.583,0,0,0,36.344
16500,0,0,0,0,0,0,0.464,12.59,0,0,0,35.728
16505,0,0,0,0,0,0,0.457,12.598,0,0,0,35.189
16510,0,0,0,0,0,0,0.449,12.601,0,0,0,34.573
16515,0,0,0,0,0,0,0.442,12.597,0,0,0,34.034
16520,0,0,0,0,0,0,0.435,12.596,0,0,0,33.495
16525,0,0,0,0,0,0,0.427,12.592,0,0,0,32.879
16530,0,0,0,0,0,0,0.42,12.571,0,0,0,32.34
16535,0,0,0,0,0,0,0.412,12.561,0,0,0,31.724
16540,0,0,0,0,0,0,0.405,12.547,0,0,0,31.185
16545,0,0,0,0,0,0,0.398,12.532,0,0,0,30.646
16550,0,0,0,0,0,0,0.39,12.554,0,0,0,30.03
16555,0,0,0,0,0,0,0.383,12.541,0,0,0,29.491
16560,0,0,0,0,0,0,0.375,12.546,0,0,0,28.875
16565,0,0,0,0,0,0,0.368,12.489,0,0,0,28.336
16570,0,0,0,0,0,0,0.361,12.491,0,0,0,27.797
16575,0,0,0,0,0,0,0.353,12.493,0,0,0,27.181
16580,0,0,0,0,0,0,0.346,12.485,0,0,0,26.642
16585,0,0,0,0,0,0,0.338,12.481,0,0,0,26.026
16590,0,0,0,0,0,0,0.331,12.477,0,0,0,25.487
16595,0,0,0,0,0,0,0.324,12.441,0,0,0,24.948
16600,0,0,0,0,0,0,0.316,12.396,0,0,0,24.332
16605,0,0,0,0,0,0,0.309,12.357,0,0,0,23.793
16610,0,0,0,0,0,0,0.301,12.313,0,0,0,23.177
16615,0,0,0,0,0,0,0.294,12.311,0,0,0,22.638
16620,0,0,0,0,0,0,0.287,12.312,0,0,0,22.099
16625,0,0,0,0,0,0,0.279,12.281,0,0,0,21.483
16630,0,0,0,0,0,0,0.272,12.251,0,0,0,20.944
16635,0,0,0,0,0,0,0.264,12.225,0,0,0,20.328
16640,0,0,0,0,0,0,0.257,12.224,0,0,0,19.789
16645,0,0,0,0,0,0,0.25,12.208,0,0,0,19.25
16650,0,0,0,0,0,0,0.242,12.207,0,0,0,18.634
16655,0,0,0,0,0,0,0.235,12.192,0,0,0,18.095
16660,0,0,0,0,0,0,0.227,12.181,0,0,0,17.479
16665,2,0.917,0,0,0.917,0,0.234,12.178,40.716,0,0,18.018
16670,2,0.917,0,0,0.917,0,0.246,12.179,39.799,0,0,18.942
16675,2,0.917,0,0,0.917,0,0.258,12.16,38.883,0,0,19.866
16680,2,0.917,0,0,0.917,0,0.27,12.144,37.966,0,0,20.79
16685,2,0.917,0,0,0.917,0,0.282,12.114,37.049,0,0,21.714
16690,2,0.917,0,0,0.917,0,0.294,12.084,36.133,0,0,22.638
16695,2,0.917,0,0,0.917,0,0.305,12.077,35.216,0,0,23.485
16700,2,0.917,0,0,0.917,0,0.317,12.055,34.299,0,0,24.409
16705,2,0.917,0,0,0.917,0,0.329,12.03,33.383,0,0,25.333
16710,2,0.917,0,0,0.917,0,0.341,12.019,32.466,0,0,26.257
16715,2,0.917,0,0,0.917,0,0.353,11.998,31.549,0,0,27.181
16720,2,0.917,0,0,0.917,0,0.365,11.952,30.633,0,0,28.105
16725,2,0.917,0,0,0.917,0,0.377,11.956,29.716,0,0,29.029
16730,2,0.917,0,0,0.917,0,0.389,11.953,28.799,0,0,29.953
16735,2,0.917,0,0,0.917,0,0.401,11.926,27.883,0,0,30.877
16740,3,4.167,0,0,0,4.167,0.455,11.888,0,0,6.608,35.035
16745,3,2.441,0,0,0,2.441,0.486,11.837,0,0,2.441,37.422
16750,0,0,0,0,0,0,0.479,11.828,0,0,0,36.883
16755,0,0,0,0,0,0,0.472,11.789,0,0,0,36.344
16760,0,0,0,0,0,0,0.464,11.788,0,0,0,35.728
16765,0,0,0,0,0,0,0.457,11.788,0,0,0,35.189
16770,0,0,0,0,0,0,0.449,11.787,0,0,0,34.573
16775,0,0,0,0,0,0,0.442,11.78,0,0,0,34.034
16780,0,0,0,0,0,0,0.435,11.736,0,0,0,33.495
16785,0,0,0,0,0,0,0.427,11.734,0,0,0,32.879
16790,0,0,0,0,0,0,0.42,11.735,0,0,0,32.34
16795,0,0,0,0,0,0,0.412,11.704,0,0,0,31.724
16800,0,0,0,0,0,0,0.405,11.704,0,0,0,31.185
16805,0,0,0,0,0,0,0.398,11.707,0,0,0,30.646
16810,0,0,0,0,0,0,0.39,11.708,0,0,0,30.03
16815,0,0,0,0,0,0,0.383,11.709,0,0,0,29.491
16820,0,0,0,0,0,0,0.375,11.712,0,0,0,28.875
16825,0,0,0,0,0,0,0.368,11.712,0,0,0,28.336
16830,0,0,0,0,0,0,0.361,11.715,0,0,0,27.797
16835,0,0,0,0,0,0,0.353,11.717,0,0,0,27.181
16840,0,0,0,0,0,0,0.346,11.705,0,0,0,26.642
16845,0,0,0,0,0,0,0.338,11.692,0,0,0,26.026
16850,0,0,0,0,0,0,0.331,11.681,0,0,0,25.487
16855,0,0,0,0,0,0,0.324,11.67,0,0,0,24.948
16860,0,0,0,0,0,0,0.316,11.659,0,0,0,24.332
16865,0,0,0,0,0,0,0.309,11.651,0,0,0,23.793
16870,0,0,0,0,0,0,0.301,11.644,0,0,0,23.177
16875,0,0,0,0,0,0,0.294,11.645,0,0,0,22.638
16880,0,0,0,0,0,0,0.287,11.643,0,0,0,22.099
16885,0,0,0,0,0,0,0.279,11.646,0,0,0,21.483
16890,0,0,0,0,0,0,0.272,11.647,0,0,0,20.944
16895,0,0,0,0,0,0,0.264,11.649,0,0,0,20.328
16900,0,0,0,0,0,0,0.257,11.65,0,0,0,19.789
16905,0,0,0,0,0,0,0.25,11.652,0,0,0,19.25
16910,0,0,0,0,0,0,0.242,11.658,0,0,0,18.634
16915,0,0,0,0,0,0,0.235,11.658,0,0,0,18.095
16920,0,0,0,0,0,0,0.227,11.658,0,0,0,17.479
16925,1,0,0,0,0,0,0.222,11.659,0,20.358,0,17.094
16930,1,0,0,0,0,0,0.222,11.66,0,20.358,0,17.094
16935,1,0,0,0,0,0,0.222,11.662,0,20.358,0,17.094
16940,1,0,0,0,0,0,0.222,11.664,0,20.358,0,17.094
16945,1,0,0,0,0,0,0.222,11.665,0,20.358,0,17.094
16950,1,0,0,0,0,0,0.222,11.667,0,20.358,0,17.094
16955,1,0,0,0,0,0,0.222,11.669,0,20.358,0,17.094
16960,1,0,0,0,0,0,0.222,11.67,0,20.358,0,17.094
16965,1,0,0,0,0,0,0.222,11.672,0,20.358,0,17.094
16970,1,0,0,0,0,0,0.222,11.674,0,20.358,0,17.094
16975,1,0,0,0,0,0,0.222,11.675,0,20.358,0,17.094
16980,1,0,0,0,0,0,0.222,11.677,0,20.358,0,17.094
16985,1,0,0,0,0,0,0.222,11.679,0,20.358,0,17.094
16990,1,0,0,0,0,0,0.222,11.682,0,20.358,0,17.094
16995,1,0,0,0,0,0,0.222,11.684,0,20.358,0,17.094
17000,1,0,0,0,0,0,0.222,11.686,0,20.358,0,17.094
17005,1,0,0,0,0,0,0.222,11.689,0,20.358,0,17.094
17010,1,0,0,0,0,0,0.222,11.691,0,20.358,0,17.094
17015,1,0,0,0,0,0,0.222,11.693,0,20.358,0,17.094
17020,1,0,0,0,0,0,0.222,11.696,0,20.358,0,17.094
17025,1,0,0,0,0,0,0.222,11.698,0,20.358,0,17.094
17030,1,0,0,0,0,0,0.222,11.7,0,20.358,0,17.094
17035,1,0,0,0,0,0,0.222,11.703,0,20.358,0,17.094
17040,1,0,0,0,0,0,0.222,11.705,0,20.358,0,17.094
17045,1,0,0,0,0,0,0.222,11.707,0,20.358,0,17.094
17050,1,0,0,0,0,0,0.222,11.708,0,20.358,0,17.094
17055,1,0,0,0,0,0,0.222,11.709,0,20.358,0,17.094
17060,1,0,0,0,0,0,0.222,11.711,0,20.358,0,17.094
17065,1,0,0,0,0,0,0.222,11.712,0,20.358,0,17.094
17070,1,0,0,0,0,0,0.222,11.713,0,20.358,0,17.094
17075,1,0,0,0,0,0,0.222,11.715,0,20.358,0,17.094
17080,1,0,0,0,0,0,0.222,11.716,0,20.358,0,17.094
17085,1,0,0,0,0,0,0.222,11.717,0,20.358,0,17.094
17090,1,0,0,0,0,0,0.222,11.719,0,20.358,0,17.094
17095,1,0,0,0,0,0,0.222,11.72,0,20.358,0,17.094
17100,1,0,0,0,0,0,0.222,11.721,0,20.358,0,17.094
17105,1,0,0,0,0,0,0.222,11.723,0,20.358,0,17.094
17110,1,0,0,0,0,0,0.222,11.724,0,20.358,0,17.094
17115,1,0,0,0,0,0,0.222,11.726,0,20.358,0,17.094
17120,1,0,0,0,0,0,0.222,11.727,0,20.358,0,17.094
17125,1,0,0,0,0,0,0.222,11.729,0,20.358,0,17.094
17130,1,0,0,0,0,0,0.222,11.73,0,20.358,0,17.094
17135,1,0,0,0,0,0,0.222,11.732,0,20.358,0,17.094
17140,1,0,0,0,0,0,0.222,11.733,0,20.358,0,17.094
17145,1,0,0,0,0,0,0.222,11.734,0,20.358,0,17.094
17150,1,0,0,0,0,0,0.222,11.736,0,20.358,0,17.094
17155,1,0,0,0,0,0,0.222,11.737,0,20.358,0,17.094
17160,1,0,0,0,0,0,0.222,11.739,0,20.358,0,17.094
17165,1,0,0,0,0,0,0.222,11.739,0,20.358,0,17.094
17170,1,0,0,0,0,0,0.222,11.739,0,20.358,0,17.094
17175,1,0,0,0,0,0,0.222,11.74,0,20.358,0,17.094
17180,1,0,0,0,0,0,0.222,11.74,0,20.358,0,17.094
17185,1,0,0,0,0,0,0.222,11.74,0,20.358,0,17.094
17190,1,0,0,0,0,0,0.222,11.741,0,20.358,0,17.094
17195,1,0,0,0,0,0,0.222,11.741,0,20.358,0,17.094
17200,1,0,0,0,0,0,0.222,11.741,0,20.358,0,17.094
17205,1,0,0,0,0,0,0.222,11.742,0,20.358,0,17.094
17210,1,0,0,0,0,0,0.222,11.742,0,20.358,0,17.094
17215,1,0,0,0,0,0,0.222,11.742,0,20.358,0,17.094
17220,1,0,0,0,0,0,0.222,11.743,0,20.358,0,17.094
17225,1,0,0,0,0,0,0.222,11.743,0,20.358,0,17.094
17230,1,0,0,0,0,0,0.222,11.743,0,20.358,0,17.094
17235,1,0,0,0,0,0,0.222,11.743,0,20.358,0,17.094
17240,1,0,0,0,0,0,0.222,11.744,0,20.358,0,17.094
17245,1,0,0,0,0,0,0.222,11.744,0,20.358,0,17.094
17250,1,0,0,0,0,0,0.222,11.744,0,20.358,0,17.094
17255,1,0,0,0,0,0,0.222,11.744,0,20.358,0,17.094
17260,1,0,0,0,0,0,0.222,11.745,0,20.358,0,17.094
17265,1,0,0,0,0,0,0.222,11.745,0,20.358,0,17.094
17270,1,0,0,0,0,0,0.222,11.745,0,20.358,0,17.094
17275,1,0,0,0,0,0,0.222,11.745,0,20.358,0,17.094
17280,1,0,0,0,0,0,0.222,11.746,0,20.358,0,17.094
17285,1,0,0,0,0,0,0.222,11.745,0,20.358,0,17.094
17290,1,0,0,0,0,0,0.222,11.745,0,20.358,0,17.094
17295,1,0,0,0,0,0,0.222,11.745,0,20.358,0,17.094
17300,1,0,0,0,0,0,0.222,11.745,0,20.358,0,17.094
17305,1,0,0,0,0,0,0.222,11.744,0,20.358,0,17.094
17310,1,0,0,0,0,0,0.222,11.744,0,20.358,0,17.094
17315,1,0,0,0,0,0,0.222,11.744,0,20.358,0,17.094
17320,1,0,0,0,0,0,0.222,11.744,0,20.358,0,17.094
17325,1,0,0,0,0,0,0.222,11.743,0,20.358,0,17.094
17330,1,0,0,0,0,0,0.222,11.743,0,20.358,0,17.094
17335,1,0,0,0,0,0,0.222,11.743,0,20.358,0,17.094
17340,1,0,0,0,0,0,0.222,11.743,0,20.358,0,17.094
17345,1,0,0,0,0,0,0.222,11.743,0,20.358,0,17.094
17350,1,0,0,0,0,0,0.222,11.742,0,20.358,0,17.094
17355,1,0,0,0,0,0,0.222,11.742,0,20.358,0,17.094
17360,1,0,0,0,0,0,0.222,11.742,0,20.358,0,17.094
17365,1,0,0,0,0,0,0.222,11.742,0,20.358,0,17.094
17370,1,0,0,0,0,0,0.222,11.742,0,20.358,0,17.094
17375,1,0,0,0,0,0,0.222,11.742,0,20.358,0,17.094
17380,1,0,0,0,0,0,0.222,11.742,0,20.358,0,17.094
17385,1,0,0,0,0,0,0.222,11.741,0,20.358,0,17.094
17390,1,0,0,0,0,0,0.222,11.741,0,20.358,0,17.094
17395,1,0,0,0,0,0,0.222,11.741,0,20.358,0,17.094
17400,1,0,0,0,0,0,0.222,11.741,0,20.358,0,17.094
17405,1,0,0,0,0,0,0.222,11.741,0,20.358,0,17.094
17410,1,0,0,0,0,0,0.222,11.741,0,20.358,0,17.094
17415,1,0,0,0,0,0,0.222,11.741,0,20.358,0,17.094
17420,1,0,0,0,0,0,0.222,11.741,0,20.358,0,17.094
17425,1,0,0,0,0,0,0.222,11.741,0,20.358,0,17.094
17430,1,0,0,0,0,0,0.222,11.741,0,20.358,0,17.094
17435,1,0,0,0,0,0,0.222,11.741,0,20.358,0,17.094
17440,1,0,0,0,0,0,0.222,11.74,0,20.358,0,17.094
17445,1,0,0,0,0,0,0.222,11.74,0,20.358,0,17.094
17450,1,0,0,0,0,0,0.222,11.74,0,20.358,0,17.094
17455,1,0,0,0,0,0,0.222,11.74,0,20.358,0,17.094
17460,1,0,0,0,0,0,0.222,11.74,0,20.358,0,17.094
17465,1,0,0,0,0,0,0.222,11.74,0,20.358,0,17.094
17470,1,0,0,0,0,0,0.222,11.74,0,20.358,0,17.094
17475,1,0,0,0,0,0,0.222,11.74,0,20.358,0,17.094
17480,1,0,0,0,0,0,0.222,11.74,0,20.358,0,17.094
17485,1,0,0,0,0,0,0.222,11.741,0,20.358,0,17.094
17490,1,0,0,0,0,0,0.222,11.741,0,20.358,0,17.094
17495,1,0,0,0,0,0,0.222,11.741,0,20.358,0,17.094
17500,1,0,0,0,0,0,0.222,11.741,0,20.358,0,17.094
17505,1,0,0,0,0,0,0.222,11.741,0,20.358,0,17.094
17510,1,0,0,0,0,0,0.222,11.741,0,20.358,0,17.094
17515,1,0,0,0,0,0,0.222,11.741,0,20.358,0,17.094
17520,1,0,0,0,0,0,0.222,11.741,0,20.358,0,17.094
17525,1,0,0,0,0,0,0.222,11.741,0,20.358,0,17.094
17530,1,0,0,0,0,0,0.222,11.741,0,20.358,0,17.094
17535,1,0,0,0,0,0,0.222,11.741,0,20.358,0,17.094
17540,1,0,0,0,0,0,0.222,11.741,0,20.358,0,17.094
17545,1,0,0,0,0,0,0.222,11.74,0,20.358,0,17.094
17550,1,0,0,0,0,0,0.222,11.74,0,20.358,0,17.094
17555,1,0,0,0,0,0,0.222,11.74,0,20.358,0,17.094
17560,1,0,0,0,0,0,0.222,11.74,0,20.358,0,17.094
17565,1,0,0,0,0,0,0.222,11.74,0,20.358,0,17.094
17570,1,0,0,0,0,0,0.222,11.74,0,20.358,0,17.094
17575,1,0,0,0,0,0,0.222,11.74,0,20.358,0,17.094
17580,1,0,0,0,0,0,0.222,11.74,0,20.358,0,17.094
17585,1,0,0,0,0,0,0.222,11.74,0,20.358,0,17.094
17590,1,0,0,0,0,0,0.222,11.74,0,20.358,0,17.094
17595,1,0,0,0,0,0,0.222,11.74,0,20.358,0,17.094
17600,1,0,0,0,0,0,0.222,11.74,0,20.358,0,17.094
17605,1,0,0,0,0,0,0.222,11.74,0,20.358,0,17.094
17610,1,0,0,0,0,0,0.222,11.739,0,20.358,0,17.094
17615,1,0,0,0,0,0,0.222,11.739,0,20.358,0,17.094
17620,1,0,0,0,0,0,0.222,11.739,0,20.358,0,17.094
17625,1,0,0,0,0,0,0.222,11.739,0,20.358,0,17.094
17630,1,0.006,0.006,0,0,0,0.222,11.739,0,20.358,0,17.094
17635,1,0,0,0,0,0,0.222,11.74,0,20.352,0,17.094
17640,1,0.002,0.002,0,0,0,0.222,11.74,0,20.352,0,17.094
17645,1,0,0,0,0,0,0.222,11.74,0,20.349,0,17.094
17650,1,0,0,0,0,0,0.222,11.741,0,20.349,0,17.094
17655,1,0,0,0,0,0,0.222,11.742,0,20.349,0,17.094
17660,1,0.007,0.007,0,0,0,0.222,11.743,0,20.349,0,17.094
17665,1,0,0,0,0,0,0.222,11.744,0,20.343,0,17.094
17670,1,0,0,0,0,0,0.222,11.745,0,20.343,0,17.094
17675,1,0,0,0,0,0,0.222,11.745,0,20.343,0,17.094
17680,1,0,0,0,0,0,0.222,11.746,0,20.343,0,17.094
17685,1,0.022,0.022,0,0,0,0.223,11.747,0,20.343,0,17.171
17690,1,0,0,0,0,0,0.223,11.748,0,20.321,0,17.171
17695,1,0.917,0,0.917,0,0,0.234,11.75,0,20.321,0,18.018
17700,1,0.917,0,0.917,0,0,0.246,11.752,0,19.404,0,18.942
17705,1,0.917,0.061,0.856,0,0,0.258,11.758,0,18.487,0,19.866
17710,1,0.917,0,0.917,0,0,0.27,11.761,0,17.571,0,20.79
17715,1,0.917,0.075,0.841,0,0,0.282,11.764,0,16.654,0,21.714
17720,1,0.917,0,0.917,0,0,0.294,11.767,0,15.737,0,22.638
17725,1,0.917,0.02,0.897,0,0,0.306,11.77,0,14.821,0,23.562
17730,1,0.917,0,0.917,0,0,0.318,11.778,0,13.904,0,24.486
17735,1,0.917,0,0.917,0,0,0.33,11.784,0,12.987,0,25.41
17740,1,0.917,0.091,0.826,0,0,0.342,11.789,0,12.071,0,26.334
17745,1,0.917,0.095,0.822,0,0,0.354,11.794,0,11.154,0,27.258
17750,1,0.917,0.088,0.829,0,0,0.365,11.803,0,10.237,0,28.105
17755,1,0.917,0,0.917,0,0,0.377,11.808,0,9.321,0,29.029
17760,1,0.917,0.139,0.778,0,0,0.389,11.813,0,8.404,0,29.953
17765,1,0.917,0,0.917,0,0,0.401,11.82,0,7.487,0,30.877
17770,1,0.917,0.146,0.771,0,0,0.413,11.825,0,6.571,0,31.801
17775,1,0.917,0.127,0.79,0,0,0.425,11.826,0,5.654,0,32.725
17780,1,0.171,0.171,0,0,0,0.427,11.825,0,4.737,0,32.879
17785,1,0.917,0.152,0.765,0,0,0.439,11.824,0,4.567,0,33.803
17790,1,0.917,0.113,0.803,0,0,0.451,11.824,0,3.65,0,34.727
17795,1,0.917,0.209,0.708,0,0,0.463,11.824,0,2.733,0,35.651
17800,1,0.917,0.171,0.746,0,0,0.475,11.817,0,1.817,0,36.575
17805,1,0.9,0.175,0.725,0,0,0.486,11.808,0,0.9,0,37.422
17810,0,0,0,0,0,0,0.479,11.814,0,0,0,36.883
17815,0,0,0,0,0,0,0.472,11.819,0,0,0,36.344
17820,0,0,0,0,0,0,0.464,11.825,0,0,0,35.728
17825,0,0,0,0,0,0,0.457,11.837,0,0,0,35.189
17830,0,0,0,0,0,0,0.449,11.846,0,0,0,34.573
17835,0,0,0,0,0,0,0.442,11.852,0,0,0,34.034
17840,0,0,0,0,0,0,0.435,11.858,0,0,0,33.495
17845,0,0,0,0,0,0,0.427,11.857,0,0,0,32.879
17850,0,0,0,0,0,0,0.42,11.857,0,0,0,32.34
17855,0,0,0,0,0,0,0.412,11.861,0,0,0,31.724
17860,0,0,0,0,0,0,0.405,11.872,0,0,0,31.185
17865,0,0,0,0,0,0,0.398,11.868,0,0,0,30.646
17870,0,0,0,0,0,0,0.39,11.841,0,0,0,30.03
17875,0,0,0,0,0,0,0.383,11.822,0,0,0,29.491
17880,0,0,0,0,0,0,0.375,11.808,0,0,0,28.875
17885,0,0,0,0,0,0,0.368,11.816,0,0,0,28.336
17890,0,0,0,0,0,0,0.361,11.821,0,0,0,27.797
17895,0,0,0,0,0,0,0.353,11.82,0,0,0,27.181
17900,0,0,0,0,0,0,0.346,11.827,0,0,0,26.642
17905,0,0,0,0,0,0,0.338,11.833,0,0,0,26.026
17910,0,0,0,0,0,0,0.331,11.837,0,0,0,25.487
17915,0,0,0,0,0,0,0.324,11.838,0,0,0,24.948
17920,0,0,0,0,0,0,0.316,11.845,0,0,0,24.332
17925,0,0,0,0,0,0,0.309,11.842,0,0,0,23.793
17930,0,0,0,0,0,0,0.301,11.843,0,0,0,23.177
17935,0,0,0,0,0,0,0.294,11.832,0,0,0,22.638
17940,0,0,0,0,0,0,0.287,11.838,0,0,0,22.099
17945,0,0,0,0,0,0,0.279,11.834,0,0,0,21.483
17950,0,0,0,0,0,0,0.272,11.835,0,0,0,20.944
17955,0,0,0,0,0,0,0.264,11.844,0,0,0,20.328
17960,0,0,0,0,0,0,0.257,11.852,0,0,0,19.789
17965,0,0,0,0,0,0,0.25,11.863,0,0,0,19.25
17970,0,0,0,0,0,0,0.242,11.878,0,0,0,18.634
17975,0,0,0,0,0,0,0.235,11.895,0,0,0,18.095
17980,0,0,0,0,0,0,0.227,11.92,0,0,0,17.479
17985,2,0.917,0,0,0.917,0,0.234,11.93,40.716,0,0,18.018
17990,2,0.917,0,0,0.917,0,0.246,11.931,39.799,0,0,18.942
17995,2,0.917,0,0,0.917,0,0.258,11.94,38.883,0,0,19.866
18000,2,0.917,0,0,0.917,0,0.27,11.883,37.966,0,0,20.79
18005,2,0.917,0,0,0.917,0,0.282,11.892,37.049,0,0,21.714
18010,2,0.917,0,0,0.917,0,0.294,11.905,36.133,0,0,22.638
18015,2,0.917,0,0,0.917,0,0.305,11.915,35.216,0,0,23.485
18020,2,0.917,0,0,0.917,0,0.317,11.93,34.299,0,0,24.409
18025,2,0.917,0,0,0.917,0,0.329,11.945,33.383,0,0,25.333
18030,2,0.917,0,0,0.917,0,0.341,11.96,32.466,0,0,26.257
18035,2,0.917,0,0,0.917,0,0.353,12.004,31.549,0,0,27.181
18040,2,0.917,0,0,0.917,0,0.365,12.033,30.633,0,0,28.105
18045,2,0.917,0,0,0.917,0,0.377,12.034,29.716,0,0,29.029
18050,2,0.917,0,0,0.917,0,0.389,12.035,28.799,0,0,29.953
18055,2,0.917,0,0,0.917,0,0.401,12.046,27.883,0,0,30.877
18060,3,4.167,0,0,0,4.167,0.455,12.057,0,0,6.608,35.035
18065,3,2.441,0,0,0,2.441,0.486,12.094,0,0,2.441,37.422
18070,0,0,0,0,0,0,0.479,12.122,0,0,0,36.883
18075,0,0,0,0,0,0,0.472,12.139,0,0,0,36.344
18080,0,0,0,0,0,0,0.464,12.151,0,0,0,35.728
18085,0,0,0,0,0,0,0.457,12.18,0,0,0,35.189
18090,0,0,0,0,0,0,0.449,12.197,0,0,0,34.573
18095,0,0,0,0,0,0,0.442,12.222,0,0,0,34.034
18100,0,0,0,0,0,0,0.435,12.223,0,0,0,33.495
18105,0,0,0,0,0,0,0.427,12.24,0,0,0,32.879
18110,0,0,0,0,0,0,0.42,12.257,0,0,0,32.34
18115,0,0,0,0,0,0,0.412,12.283,0,0,0,31.724
18120,0,0,0,0,0,0,0.405,12.284,0,0,0,31.185
18125,0,0,0,0,0,0,0.398,12.288,0,0,0,30.646
18130,0,0,0,0,0,0,0.39,12.305,0,0,0,30.03
18135,0,0,0,0,0,0,0.383,12.319,0,0,0,29.491
18140,0,0,0,0,0,0,0.375,12.352,0,0,0,28.875
18145,0,0,0,0,0,0,0.368,12.384,0,0,0,28.336
18150,0,0,0,0,0,0,0.361,12.386,0,0,0,27.797
18155,0,0,0,0,0,0,0.353,12.397,0,0,0,27.181
18160,0,0,0,0,0,0,0.346,12.424,0,0,0,26.642
18165,0,0,0,0,0,0,0.338,12.434,0,0,0,26.026
18170,0,0,0,0,0,0,0.331,12.446,0,0,0,25.487
18175,0,0,0,0,0,0,0.324,12.47,0,0,0,24.948
18180,0,0,0,0,0,0,0.316,12.506,0,0,0,24.332
18185,0,0,0,0,0,0,0.309,12.546,0,0,0,23.793
18190,0,0,0,0,0,0,0.301,12.548,0,0,0,23.177
18195,0,0,0,0,0,0,0.294,12.549,0,0,0,22.638
18200,0,0,0,0,0,0,0.287,12.549,0,0,0,22.099
18205,0,0,0,0,0,0,0.279,12.551,0,0,0,21.483
18210,0,0,0,0,0,0,0.272,12.552,0,0,0,20.944
18215,0,0,0,0,0,0,0.264,12.555,0,0,0,20.328
18220,0,0,0,0,0,0,0.257,12.555,0,0,0,19.789
18225,0,0,0,0,0,0,0.25,12.557,0,0,0,19.25
18230,0,0,0,0,0,0,0.242,12.559,0,0,0,18.634
18235,0,0,0,0,0,0,0.235,12.591,0,0,0,18.095
18240,0,0,0,0,0,0,0.227,12.592,0,0,0,17.479
18245,1,0,0,0,0,0,0.222,12.592,0,20.358,0,17.094
18250,1,0.188,0.188,0,0,0,0.225,12.598,0,20.358,0,17.325
18255,1,0.125,0.125,0,0,0,0.226,12.604,0,20.17,0,17.402
18260,1,0.178,0.178,0,0,0,0.228,12.608,0,20.045,0,17.556
18265,1,0.1,0.1,0,0,0,0.23,12.614,0,19.867,0,17.71
18270,1,0.143,0.143,0,0,0,0.232,12.618,0,19.767,0,17.864
18275,1,0.149,0.149,0,0,0,0.234,12.622,0,19.624,0,18.018
18280,1,0,0,0,0,0,0.234,12.64,0,19.475,0,18.018
18285,1,0.083,0.083,0,0,0,0.235,12.657,0,19.475,0,18.095
18290,1,0.079,0.079,0,0,0,0.236,12.674,0,19.393,0,18.172
18295,1,0.059,0.059,0,0,0,0.236,12.689,0,19.314,0,18.172
18300,1,0.019,0.019,0,0,0,0.237,12.704,0,19.255,0,18.249
18305,1,0,0,0,0,0,0.237,12.717,0,19.236,0,18.249
18310,1,0.026,0.026,0,0,0,0.237,12.729,0,19.236,0,18.249
18315,1,0.09,0.09,0,0,0,0.238,12.73,0,19.21,0,18.326
18320,1,0.061,0.061,0,0,0,0.239,12.732,0,19.12,0,18.403
18325,1,0.07,0.07,0,0,0,0.24,12.733,0,19.059,0,18.48
18330,1,0.049,0.049,0,0,0,0.24,12.734,0,18.988,0,18.48
18335,1,0,0,0,0,0,0.24,12.735,0,18.94,0,18.48
18340,1,0.01,0.01,0,0,0,0.241,12.736,0,18.94,0,18.557
18345,1,0,0,0,0,0,0.241,12.737,0,18.929,0,18.557
18350,1,0,0,0,0,0,0.241,12.735,0,18.929,0,18.557
18355,1,0,0,0,0,0,0.241,12.734,0,18.929,0,18.557
18360,1,0,0,0,0,0,0.241,12.733,0,18.929,0,18.557
18365,1,0.012,0.012,0,0,0,0.241,12.729,0,18.929,0,18.557
18370,1,0,0,0,0,0,0.241,12.725,0,18.917,0,18.557
18375,1,0,0,0,0,0,0.241,12.723,0,18.917,0,18.557
18380,1,0,0,0,0,0,0.241,12.714,0,18.917,0,18.557
18385,1,0,0,0,0,0,0.241,12.711,0,18.917,0,18.557
18390,1,0,0,0,0,0,0.241,12.708,0,18.917,0,18.557
18395,1,0,0,0,0,0,0.241,12.704,0,18.917,0,18.557
18400,1,0,0,0,0,0,0.241,12.7,0,18.917,0,18.557
18405,1,0,0,0,0,0,0.241,12.697,0,18.917,0,18.557
18410,1,0,0,0,0,0,0.241,12.694,0,18.917,0,18.557
18415,1,0,0,0,0,0,0.241,12.69,0,18.917,0,18.557
18420,1,0,0,0,0,0,0.241,12.686,0,18.917,0,18.557
18425,1,0,0,0,0,0,0.241,12.681,0,18.917,0,18.557
18430,1,0,0,0,0,0,0.241,12.676,0,18.917,0,18.557
18435,1,0,0,0,0,0,0.241,12.672,0,18.917,0,18.557
18440,1,0,0,0,0,0,0.241,12.667,0,18.917,0,18.557
18445,1,0,0,0,0,0,0.241,12.662,0,18.917,0,18.557
18450,1,0,0,0,0,0,0.241,12.657,0,18.917,0,18.557
18455,1,0,0,0,0,0,0.241,12.653,0,18.917,0,18.557
18460,1,0,0,0,0,0,0.241,12.648,0,18.917,0,18.557
18465,1,0,0,0,0,0,0.241,12.643,0,18.917,0,18.557
18470,1,0,0,0,0,0,0.241,12.638,0,18.917,0,18.557
18475,1,0,0,0,0,0,0.241,12.634,0,18.917,0,18.557
18480,1,0,0,0,0,0,0.241,12.629,0,18.917,0,18.557
18485,1,0,0,0,0,0,0.241,12.625,0,18.917,0,18.557
18490,1,0,0,0,0,0,0.241,12.62,0,18.917,0,18.557
18495,1,0,0,0,0,0,0.241,12.616,0,18.917,0,18.557
18500,1,0,0,0,0,0,0.241,12.612,0,18.917,0,18.557
18505,1,0,0,0,0,0,0.241,12.608,0,18.917,0,18.557
18510,1,0,0,0,0,0,0.241,12.603,0,18.917,0,18.557
18515,1,0,0,0,0,0,0.241,12.599,0,18.917,0,18.557
18520,1,0,0,0,0,0,0.241,12.595,0,18.917,0,18.557
18525,1,0,0,0,0,0,0.241,12.59,0,18.917,0,18.557
18530,1,0,0,0,0,0,0.241,12.586,0,18.917,0,18.557
18535,1,0,0,0,0,0,0.241,12.582,0,18.917,0,18.557
18540,1,0,0,0,0,0,0.241,12.578,0,18.917,0,18.557
18545,1,0,0,0,0,0,0.241,12.575,0,18.917,0,18.557
18550,1,0,0,0,0,0,0.241,12.573,0,18.917,0,18.557
18555,1,0,0,0,0,0,0.241,12.571,0,18.917,0,18.557
18560,1,0,0,0,0,0,0.241,12.569,0,18.917,0,18.557
18565,1,0,0,0,0,0,0.241,12.567,0,18.917,0,18.557
18570,1,0,0,0,0,0,0.241,12.565,0,18.917,0,18.557
18575,1,0,0,0,0,0,0.241,12.563,0,18.917,0,18.557
18580,1,0,0,0,0,0,0.241,12.561,0,18.917,0,18.557
18585,1,0,0,0,0,0,0.241,12.559,0,18.917,0,18.557
18590,1,0,0,0,0,0,0.241,12.557,0,18.917,0,18.557
18595,1,0,0,0,0,0,0.241,12.555,0,18.917,0,18.557
18600,1,0,0,0,0,0,0.241,12.553,0,18.917,0,18.557
18605,1,0,0,0,0,0,0.241,12.553,0,18.917,0,18.557
18610,1,0,0,0,0,0,0.241,12.554,0,18.917,0,18.557
18615,1,0,0,0,0,0,0.241,12.554,0,18.917,0,18.557
18620,1,0,0,0,0,0,0.241,12.555,0,18.917,0,18.557
18625,1,0,0,0,0,0,0.241,12.555,0,18.917,0,18.557
18630,1,0,0,0,0,0,0.241,12.556,0,18.917,0,18.557
18635,1,0,0,0,0,0,0.241,12.556,0,18.917,0,18.557
18640,1,0,0,0,0,0,0.241,12.557,0,18.917,0,18.557
18645,1,0,0,0,0,0,0.241,12.558,0,18.917,0,18.557
18650,1,0,0,0,0,0,0.241,12.558,0,18.917,0,18.557
18655,1,0,0,0,0,0,0.241,12.559,0,18.917,0,18.557
18660,1,0,0,0,0,0,0.241,12.559,0,18.917,0,18.557
18665,1,0,0,0,0,0,0.241,12.561,0,18.917,0,18.557
18670,1,0,0,0,0,0,0.241,12.563,0,18.917,0,18.557
18675,1,0,0,0,0,0,0.241,12.564,0,18.917,0,18.557
18680,1,0,0,0,0,0,0.241,12.566,0,18.917,0,18.557
18685,1,0,0,0,0,0,0.241,12.568,0,18.917,0,18.557
18690,1,0,0,0,0,0,0.241,12.569,0,18.917,0,18.557
18695,1,0,0,0,0,0,0.241,12.571,0,18.917,0,18.557
18700,1,0,0,0,0,0,0.241,12.573,0,18.917,0,18.557
18705,1,0,0,0,0,0,0.241,12.574,0,18.917,0,18.557
18710,1,0,0,0,0,0,0.241,12.576,0,18.917,0,18.557
18715,1,0,0,0,0,0,0.241,12.578,0,18.917,0,18.557
18720,1,0,0,0,0,0,0.241,12.579,0,18.917,0,18.557
18725,1,0,0,0,0,0,0.241,12.58,0,18.917,0,18.557
18730,1,0,0,0,0,0,0.241,12.582,0,18.917,0,18.557
18735,1,0,0,0,0,0,0.241,12.583,0,18.917,0,18.557
18740,1,0,0,0,0,0,0.241,12.584,0,18.917,0,18.557
18745,1,0,0,0,0,0,0.241,12.585,0,18.917,0,18.557
18750,1,0,0,0,0,0,0.241,12.586,0,18.917,0,18.557
18755,1,0,0,0,0,0,0.241,12.588,0,18.917,0,18.557
18760,1,0,0,0,0,0,0.241,12.589,0,18.917,0,18.557
18765,1,0,0,0,0,0,0.241,12.59,0,18.917,0,18.557
18770,1,0,0,0,0,0,0.241,12.591,0,18.917,0,18.557
18775,1,0,0,0,0,0,0.241,12.592,0,18.917,0,18.557
18780,1,0,0,0,0,0,0.241,12.593,0,18.917,0,18.557
18785,1,0,0,0,0,0,0.241,12.594,0,18.917,0,18.557
18790,1,0,0,0,0,0,0.241,12.595,0,18.917,0,18.557
18795,1,0,0,0,0,0,0.241,12.597,0,18.917,0,18.557
18800,1,0,0,0,0,0,0.241,12.598,0,18.917,0,18.557
18805,1,0,0,0,0,0,0.241,12.599,0,18.917,0,18.557
18810,1,0,0,0,0,0,0.241,12.6,0,18.917,0,18.557
18815,1,0,0,0,0,0,0.241,12.601,0,18.917,0,18.557
18820,1,0,0,0,0,0,0.241,12.602,0,18.917,0,18.557
18825,1,0,0,0,0,0,0.241,12.603,0,18.917,0,18.557
18830,1,0,0,0,0,0,0.241,12.604,0,18.917,0,18.557
18835,1,0,0,0,0,0,0.241,12.605,0,18.917,0,18.557
18840,1,0,0,0,0,0,0.241,12.606,0,18.917,0,18.557
18845,1,0,0,0,0,0,0.241,12.606,0,18.917,0,18.557
18850,1,0,0,0,0,0,0.241,12.606,0,18.917,0,18.557
18855,1,0,0,0,0,0,0.241,12.607,0,18.917,0,18.557
18860,1,0,0,0,0,0,0.241,12.607,0,18.917,0,18.557
18865,1,0,0,0,0,0,0.241,12.607,0,18.917,0,18.557
18870,1,0,0,0,0,0,0.241,12.608,0,18.917,0,18.557
18875,1,0,0,0,0,0,0.241,12.608,0,18.917,0,18.557
18880,1,0,0,0,0,0,0.241,12.609,0,18.917,0,18.557
18885,1,0,0,0,0,0,0.241,12.609,0,18.917,0,18.557
18890,1,0,0,0,0,0,0.241,12.609,0,18.917,0,18.557
18895,1,0,0,0,0,0,0.241,12.61,0,18.917,0,18.557
18900,1,0,0,0,0,0,0.241,12.61,0,18.917,0,18.557
18905,1,0,0,0,0,0,0.241,12.61,0,18.917,0,18.557
18910,1,0,0,0,0,0,0.241,12.61,0,18.917,0,18.557
18915,1,0,0,0,0,0,0.241,12.611,0,18.917,0,18.557
18920,1,0,0,0,0,0,0.241,12.611,0,18.917,0,18.557
18925,1,0,0,0,0,0,0.241,12.611,0,18.917,0,18.557
18930,1,0,0,0,0,0,0.241,12.611,0,18.917,0,18.557
18935,1,0,0,0,0,0,0.241,12.612,0,18.917,0,18.557
18940,1,0,0,0,0,0,0.241,12.612,0,18.917,0,18.557
18945,1,0,0,0,0,0,0.241,12.612,0,18.917,0,18.557
18950,1,0,0,0,0,0,0.241,12.612,0,18.917,0,18.557
18955,1,0,0,0,0,0,0.241,12.613,0,18.917,0,18.557
18960,1,0,0,0,0,0,0.241,12.613,0,18.917,0,18.557
18965,1,0,0,0,0,0,0.241,12.613,0,18.917,0,18.557
18970,1,0,0,0,0,0,0.241,12.613,0,18.917,0,18.557
18975,1,0,0,0,0,0,0.241,12.613,0,18.917,0,18.557
18980,1,0,0,0,0,0,0.241,12.613,0,18.917,0,18.557
18985,1,0,0,0,0,0,0.241,12.613,0,18.917,0,18.557
18990,1,0,0,0,0,0,0.241,12.614,0,18.917,0,18.557
18995,1,0,0,0,0,0,0.241,12.614,0,18.917,0,18.557
19000,1,0,0,0,0,0,0.241,12.614,0,18.917,0,18.557
19005,1,0,0,0,0,0,0.241,12.614,0,18.917,0,18.557
19010,1,0,0,0,0,0,0.241,12.614,0,18.917,0,18.557
19015,1,0,0,0,0,0,0.241,12.614,0,18.917,0,18.557
19020,1,0,0,0,0,0,0.241,12.614,0,18.917,0,18.557
19025,1,0,0,0,0,0,0.241,12.612,0,18.917,0,18.557
19030,1,0,0,0,0,0,0.241,12.611,0,18.917,0,18.557
19035,1,0,0,0,0,0,0.241,12.609,0,18.917,0,18.557
19040,1,0,0,0,0,0,0.241,12.607,0,18.917,0,18.557
19045,1,0,0,0,0,0,0.241,12.605,0,18.917,0,18.557
19050,1,0,0,0,0,0,0.241,12.603,0,18.917,0,18.557
19055,1,0,0,0,0,0,0.241,12.6,0,18.917,0,18.557
19060,1,0,0,0,0,0,0.241,12.599,0,18.917,0,18.557
19065,1,0.003,0.003,0,0,0,0.241,12.597,0,18.917,0,18.557
19070,1,0.001,0.001,0,0,0,0.241,12.595,0,18.914,0,18.557
19075,1,0,0,0,0,0,0.241,12.593,0,18.913,0,18.557
19080,1,0,0,0,0,0,0.241,12.592,0,18.913,0,18.557
19085,1,0,0,0,0,0,0.241,12.587,0,18.913,0,18.557
19090,1,0.017,0.017,0,0,0,0.241,12.582,0,18.913,0,18.557
19095,1,0,0,0,0,0,0.241,12.578,0,18.897,0,18.557
19100,1,0.012,0.012,0,0,0,0.241,12.575,0,18.897,0,18.557
19105,1,0,0,0,0,0,0.241,12.572,0,18.884,0,18.557
19110,1,0.017,0.017,0,0,0,0.241,12.569,0,18.884,0,18.557
19115,1,0,0,0,0,0,0.241,12.567,0,18.867,0,18.557
19120,1,0,0,0,0,0,0.241,12.563,0,18.867,0,18.557
19125,1,0,0,0,0,0,0.241,12.559,0,18.867,0,18.557
19130,1,0,0,0,0,0,0.241,12.555,0,18.867,0,18.557
19135,1,0,0,0,0,0,0.241,12.547,0,18.867,0,18.557
19140,1,0.04,0.04,0,0,0,0.242,12.544,0,18.867,0,18.634
19145,1,0.017,0.017,0,0,0,0.242,12.535,0,18.828,0,18.634
19150,1,0.037,0.037,0,0,0,0.243,12.533,0,18.811,0,18.711
19155,1,0.004,0.004,0,0,0,0.243,12.529,0,18.774,0,18.711
19160,1,0.015,0.015,0,0,0,0.243,12.526,0,18.77,0,18.711
19165,1,0.053,0.053,0,0,0,0.244,12.522,0,18.755,0,18.788
19170,1,0.084,0.084,0,0,0,0.245,12.517,0,18.702,0,18.865
19175,1,0.007,0.007,0,0,0,0.245,12.515,0,18.618,0,18.865
19180,1,0.101,0.101,0,0,0,0.246,12.511,0,18.61,0,18.942
19185,1,0.012,0.012,0,0,0,0.246,12.506,0,18.509,0,18.942
19190,1,0.088,0.088,0,0,0,0.247,12.496,0,18.497,0,19.019
19195,1,0.035,0.035,0,0,0,0.248,12.489,0,18.409,0,19.096
19200,1,0.116,0.116,0,0,0,0.249,12.486,0,18.374,0,19.173
19205,1,0.103,0.103,0,0,0,0.251,12.485,0,18.257,0,19.327
19210,1,0.917,0.105,0.811,0,0,0.263,12.483,0,18.154,0,20.251
19215,1,0.917,0,0.917,0,0,0.275,12.487,0,17.238,0,21.175
19220,1,0.917,0.021,0.896,0,0,0.286,12.491,0,16.321,0,22.022
19225,1,0.917,0.144,0.773,0,0,0.298,12.495,0,15.404,0,22.946
19230,1,0.917,0.113,0.803,0,0,0.31,12.5,0,14.488,0,23.87
19235,1,0.917,0.085,0.832,0,0,0.322,12.505,0,13.571,0,24.794
19240,1,0.917,0.134,0.783,0,0,0.334,12.509,0,12.654,0,25.718
19245,1,0.917,0.141,0.776,0,0,0.346,12.512,0,11.738,0,26.642
19250,1,0.917,0.158,0.759,0,0,0.358,12.507,0,10.821,0,27.566
19255,1,0.917,0.174,0.742,0,0,0.37,12.499,0,9.904,0,28.49
19260,1,0.917,0,0.917,0,0,0.382,12.494,0,8.988,0,29.414
19265,1,0.917,0.153,0.764,0,0,0.394,12.5,0,8.071,0,30.338
19270,1,0.917,0.166,0.75,0,0,0.405,12.516,0,7.154,0,31.185
19275,1,0.917,0.235,0.682,0,0,0.417,12.524,0,6.238,0,32.109
19280,1,0.917,0.225,0.692,0,0,0.429,12.531,0,5.321,0,33.033
19285,1,0.917,0.183,0.733,0,0,0.441,12.538,0,4.404,0,33.957
19290,1,0.917,0,0.917,0,0,0.453,12.55,0,3.488,0,34.881
19295,1,0.917,0.283,0.633,0,0,0.465,12.563,0,2.571,0,35.805
19300,1,0.917,0.211,0.705,0,0,0.477,12.579,0,1.654,0,36.729
19305,1,0.738,0.058,0.679,0,0,0.486,12.606,0,0.738,0,37.422
19310,0,0,0,0,0,0,0.479,12.613,0,0,0,36.883
19315,0,0,0,0,0,0,0.472,12.62,0,0,0,36.344
19320,0,0,0,0,0,0,0.464,12.645,0,0,0,35.728
19325,0,0,0,0,0,0,0.457,12.652,0,0,0,35.189
19330,0,0,0,0,0,0,0.449,12.661,0,0,0,34.573
19335,0,0,0,0,0,0,0.442,12.67,0,0,0,34.034
19340,0,0,0,0,0,0,0.435,12.679,0,0,0,33.495
19345,0,0,0,0,0,0,0.427,12.696,0,0,0,32.879
19350,0,0,0,0,0,0,0.42,12.698,0,0,0,32.34
19355,0,0,0,0,0,0,0.412,12.705,0,0,0,31.724
19360,0,0,0,0,0,0,0.405,12.708,0,0,0,31.185
19365,0,0,0,0,0,0,0.398,12.726,0,0,0,30.646
19370,0,0,0,0,0,0,0.39,12.743,0,0,0,30.03
19375,0,0,0,0,0,0,0.383,12.76,0,0,0,29.491
19380,0,0,0,0,0,0,0.375,12.778,0,0,0,28.875
19385,0,0,0,0,0,0,0.368,12.795,0,0,0,28.336
19390,0,0,0,0,0,0,0.361,12.812,0,0,0,27.797
19395,0,0,0,0,0,0,0.353,12.823,0,0,0,27.181
19400,0,0,0,0,0,0,0.346,12.842,0,0,0,26.642
19405,0,0,0,0,0,0,0.338,12.859,0,0,0,26.026
19410,0,0,0,0,0,0,0.331,12.87,0,0,0,25.487
19415,0,0,0,0,0,0,0.324,12.88,0,0,0,24.948
19420,0,0,0,0,0,0,0.316,12.881,0,0,0,24.332
19425,0,0,0,0,0,0,0.309,12.898,0,0,0,23.793
19430,0,0,0,0,0,0,0.301,12.898,0,0,0,23.177
19435,0,0,0,0,0,0,0.294,12.916,0,0,0,22.638
19440,0,0,0,0,0,0,0.287,12.926,0,0,0,22.099
19445,0,0,0,0,0,0,0.279,12.944,0,0,0,21.483
19450,0,0,0,0,0,0,0.272,12.962,0,0,0,20.944
19455,0,0,0,0,0,0,0.264,12.98,0,0,0,20.328
19460,0,0,0,0,0,0,0.257,12.998,0,0,0,19.789
19465,0,0,0,0,0,0,0.25,13.016,0,0,0,19.25
19470,0,0,0,0,0,0,0.242,13.034,0,0,0,18.634
19475,0,0,0,0,0,0,0.235,13.007,0,0,0,18.095
19480,0,0,0,0,0,0,0.227,12.995,0,0,0,17.479
19485,2,0.917,0,0,0.917,0,0.234,13.011,40.716,0,0,18.018
19490,2,0.917,0,0,0.917,0,0.246,13.029,39.799,0,0,18.942
19495,2,0.917,0,0,0.917,0,0.258,13.047,38.883,0,0,19.866
19500,2,0.917,0,0,0.917,0,0.27,13.065,37.966,0,0,20.79
19505,2,0.917,0,0,0.917,0,0.282,13.046,37.049,0,0,21.714
19510,2,0.917,0,0,0.917,0,0.294,13.047,36.133,0,0,22.638
19515,2,0.917,0,0,0.917,0,0.305,13.06,35.216,0,0,23.485
19520,2,0.917,0,0,0.917,0,0.317,13.045,34.299,0,0,24.409
19525,2,0.917,0,0,0.917,0,0.329,13.047,33.383,0,0,25.333
19530,2,0.917,0,0,0.917,0,0.341,13.059,32.466,0,0,26.257
19535,2,0.917,0,0,0.917,0,0.353,13.063,31.549,0,0,27.181
19540,2,0.917,0,0,0.917,0,0.365,13.081,30.633,0,0,28.105
19545,2,0.917,0,0,0.917,0,0.377,13.093,29.716,0,0,29.029
19550,2,0.917,0,0,0.917,0,0.389,13.106,28.799,0,0,29.953
19555,2,0.917,0,0,0.917,0,0.401,13.109,27.883,0,0,30.877
19560,2,0.917,0,0,0.917,0,0.413,13.126,26.966,0,0,31.801
19565,2,0.917,0,0,0.917,0,0.424,13.142,26.049,0,0,32.648
19570,2,0.917,0,0,0.917,0,0.436,13.152,25.133,0,0,33.572
19575,2,0.917,0,0,0.917,0,0.448,13.169,24.216,0,0,34.496
19580,2,0.917,0,0,0.917,0,0.46,13.154,23.299,0,0,35.42
19585,2,0.917,0,0,0.917,0,0.472,13.139,22.383,0,0,36.344
19590,2,0.917,0,0,0.917,0,0.484,13.157,21.466,0,0,37.268
19595,2,0.917,0,0,0.917,0,0.496,13.173,20.549,0,0,38.192
19600,2,0.917,0,0,0.917,0,0.508,13.159,19.633,0,0,39.116
19605,2,0.917,0,0,0.917,0,0.52,13.177,18.716,0,0,40.04
19610,2,0.917,0,0,0.917,0,0.532,13.193,17.799,0,0,40.964
19615,2,0.917,0,0,0.917,0,0.544,13.186,16.883,0,0,41.888
19620,2,0.917,0,0,0.917,0,0.555,13.169,15.966,0,0,42.735
19625,2,0.917,0,0,0.917,0,0.567,13.145,15.049,0,0,43.659
19630,2,0.917,0,0,0.917,0,0.579,13.123,14.133,0,0,44.583
19635,2,0.917,0,0,0.917,0,0.591,13.139,13.216,0,0,45.507
19640,2,0.917,0,0,0.917,0,0.603,13.152,12.299,0,0,46.431
19645,2,0.917,0,0,0.917,0,0.615,13.167,11.383,0,0,47.355
19650,2,0.917,0,0,0.917,0,0.627,13.184,10.466,0,0,48.279
19655,2,0.917,0,0,0.917,0,0.639,13.199,9.549,0,0,49.203
19660,2,0.917,0,0,0.917,0,0.651,13.211,8.633,0,0,50.127
19665,2,0.917,0,0,0.917,0,0.663,13.226,7.716,0,0,51.051
19670,2,0.917,0,0,0.917,0,0.674,13.241,6.799,0,0,51.898
19675,2,0.917,0,0,0.917,0,0.686,13.225,5.883,0,0,52.822
19680,2,0.917,0,0,0.917,0,0.698,13.23,4.966,0,0,53.746
19685,2,0.917,0,0,0.917,0,0.71,13.243,4.049,0,0,54.67
19690,2,0.917,0,0,0.917,0,0.722,13.236,3.133,0,0,55.594
19695,2,0.917,0,0,0.917,0,0.734,13.23,2.216,0,0,56.518
19700,2,0.917,0,0,0.917,0,0.746,13.233,1.299,0,0,57.442
19705,2,0.383,0,0,0.383,0,0.751,13.228,0.383,0,0,57.827
19710,2,0,0,0,0,0,0.751,13.225,0,0,0,57.827
19715,2,0,0,0,0,0,0.751,13.233,0,0,0,57.827
19720,2,0,0,0,0,0,0.751,13.233,0,0,0,57.827
19725,2,0,0,0,0,0,0.751,13.233,0,0,0,57.827
19730,2,0,0,0,0,0,0.751,13.234,0,0,0,57.827
19735,2,0,0,0,0,0,0.751,13.235,0,0,0,57.827
19740,2,0,0,0,0,0,0.751,13.236,0,0,0,57.827
19745,2,0,0,0,0,0,0.751,13.236,0,0,0,57.827
19750,2,0,0,0,0,0,0.751,13.235,0,0,0,57.827
19755,2,0,0,0,0,0,0.751,13.24,0,0,0,57.827
19760,2,0,0,0,0,0,0.751,13.247,0,0,0,57.827
19765,2,0,0,0,0,0,0.751,13.252,0,0,0,57.827
19770,2,0,0,0,0,0,0.751,13.257,0,0,0,57.827
19775,2,0,0,0,0,0,0.751,13.262,0,0,0,57.827
19780,2,0,0,0,0,0,0.751,13.264,0,0,0,57.827
19785,2,0,0,0,0,0,0.751,13.265,0,0,0,57.827
19790,2,0,0,0,0,0,0.751,13.268,0,0,0,57.827
19795,2,0,0,0,0,0,0.751,13.265,0,0,0,57.827
19800,2,0,0,0,0,0,0.751,13.279,0,0,0,57.827
19805,2,0,0,0,0,0,0.751,13.281,0,0,0,57.827
19810,2,0,0,0,0,0,0.751,13.284,0,0,0,57.827
19815,2,0,0,0,0,0,0.751,13.287,0,0,0,57.827
19820,2,0,0,0,0,0,0.751,13.289,0,0,0,57.827
19825,2,0,0,0,0,0,0.751,13.292,0,0,0,57.827
19830,2,0,0,0,0,0,0.751,13.295,0,0,0,57.827
19835,2,0,0,0,0,0,0.751,13.297,0,0,0,57.827
19840,2,0,0,0,0,0,0.751,13.3,0,0,0,57.827
19845,2,0,0,0,0,0,0.751,13.302,0,0,0,57.827
19850,2,0,0,0,0,0,0.751,13.305,0,0,0,57.827
19855,2,0,0,0,0,0,0.751,13.307,0,0,0,57.827
19860,2,0,0,0,0,0,0.751,13.31,0,0,0,57.827
19865,2,0,0,0,0,0,0.751,13.312,0,0,0,57.827
19870,2,0,0,0,0,0,0.751,13.315,0,0,0,57.827
19875,2,0,0,0,0,0,0.751,13.318,0,0,0,57.827
19880,2,0,0,0,0,0,0.751,13.32,0,0,0,57.827
19885,2,0,0,0,0,0,0.751,13.323,0,0,0,57.827
19890,2,0,0,0,0,0,0.751,13.326,0,0,0,57.827
19895,2,0,0,0,0,0,0.751,13.328,0,0,0,57.827
19900,2,0,0,0,0,0,0.751,13.331,0,0,0,57.827
19905,2,0,0,0,0,0,0.751,13.333,0,0,0,57.827
19910,2,0,0,0,0,0,0.751,13.336,0,0,0,57.827
19915,2,0,0,0,0,0,0.751,13.339,0,0,0,57.827
19920,2,0,0,0,0,0,0.751,13.341,0,0,0,57.827
19925,2,0,0,0,0,0,0.751,13.345,0,0,0,57.827
19930,2,0,0,0,0,0,0.751,13.348,0,0,0,57.827
19935,2,0,0,0,0,0,0.751,13.352,0,0,0,57.827
19940,2,0,0,0,0,0,0.751,13.356,0,0,0,57.827
19945,2,0,0,0,0,0,0.751,13.359,0,0,0,57.827
19950,2,0,0,0,0,0,0.751,13.363,0,0,0,57.827
19955,2,0,0,0,0,0,0.751,13.367,0,0,0,57.827
19960,2,0,0,0,0,0,0.751,13.37,0,0,0,57.827
19965,2,0,0,0,0,0,0.751,13.374,0,0,0,57.827
19970,2,0,0,0,0,0,0.751,13.377,0,0,0,57.827
19975,2,0,0,0,0,0,0.751,13.381,0,0,0,57.827
19980,2,0,0,0,0,0,0.751,13.385,0,0,0,57.827
19985,2,0,0,0,0,0,0.751,13.388,0,0,0,57.827
19990,2,0,0,0,0,0,0.751,13.391,0,0,0,57.827
19995,2,0,0,0,0,0,0.751,13.395,0,0,0,57.827
20000,2,0,0,0,0,0,0.751,13.398,0,0,0,57.827
20005,2,0,0,0,0,0,0.751,13.402,0,0,0,57.827
20010,2,0,0,0,0,0,0.751,13.405,0,0,0,57.827
20015,2,0,0,0,0,0,0.751,13.408,0,0,0,57.827
20020,2,0,0,0,0,0,0.751,13.412,0,0,0,57.827
20025,2,0,0,0,0,0,0.751,13.415,0,0,0,57.827
20030,2,0,0,0,0,0,0.751,13.418,0,0,0,57.827
20035,2,0,0,0,0,0,0.751,13.422,0,0,0,57.827
20040,2,0,0,0,0,0,0.751,13.425,0,0,0,57.827
20045,2,0,0,0,0,0,0.751,13.427,0,0,0,57.827
20050,2,0,0,0,0,0,0.751,13.429,0,0,0,57.827
20055,2,0,0,0,0,0,0.751,13.432,0,0,0,57.827
20060,2,0,0,0,0,0,0.751,13.434,0,0,0,57.827
20065,2,0,0,0,0,0,0.751,13.436,0,0,0,57.827
20070,2,0,0,0,0,0,0.751,13.438,0,0,0,57.827
20075,2,0,0,0,0,0,0.751,13.44,0,0,0,57.827
20080,2,0,0,0,0,0,0.751,13.442,0,0,0,57.827
20085,2,0,0,0,0,0,0.751,13.445,0,0,0,57.827
20090,2,0,0,0,0,0,0.751,13.447,0,0,0,57.827
20095,2,0,0,0,0,0,0.751,13.449,0,0,0,57.827
20100,2,0,0,0,0,0,0.751,13.451,0,0,0,57.827
20105,2,0,0,0,0,0,0.751,13.451,0,0,0,57.827
20110,2,0,0,0,0,0,0.751,13.452,0,0,0,57.827
20115,2,0,0,0,0,0,0.751,13.452,0,0,0,57.827
20120,2,0,0,0,0,0,0.751,13.452,0,0,0,57.827
20125,2,0,0,0,0,0,0.751,13.453,0,0,0,57.827
20130,2,0,0,0,0,0,0.751,13.453,0,0,0,57.827
20135,2,0,0,0,0,0,0.751,13.453,0,0,0,57.827
20140,2,0,0,0,0,0,0.751,13.454,0,0,0,57.827
20145,2,0,0,0,0,0,0.751,13.454,0,0,0,57.827
20150,2,0,0,0,0,0,0.751,13.454,0,0,0,57.827
20155,2,0,0,0,0,0,0.751,13.455,0,0,0,57.827
